,Brand,Model_Year,Capacity,Star_Rating,Inverter_Type,Rating,Annual_Power,Room_size,Warranty,Original_Price,Dicount_Pct,Price_After_Discount
0,IFB,2025,1.0,3,Star Split Inverter,4.0,657.31,90,1,48849,46,25990
1,Voltas,2024,1.0,5,Star Split Inverter,4.2,511.13,90,1,63990,48,32800
2,Voltas,2024,1.5,3,Star Split Inverter,4.2,975.26,111 - 150,1,57990,47,30390
3,Godrej,2025,1.5,3,Star Split Inverter,4.0,951.91,111 - 150,5,42300,33,27990
4,realme TechLife,2025,1.0,3,Star Split Inverter,4.2,684.78,90,1,47899,54,21990
5,MarQ,2025,1.0,3,Star Split Inverter,4.2,684.9,90,1,45099,51,21990
6,realme TechLife,2025,1.0,5,Star Split Inverter,4.2,526.8,90,1,50699,50,24990
7,Voltas,2024,1.5,5,Star Split Inverter,4.2,751.28,111 - 150,1,75990,51,36970
8,Voltas,2023,0.6,2,Star Split AC,3.9,475.3,90,1,45808,56,19990
9,Blue Star,2025,1.5,3,Star Split Inverter,4.1,1006.84,111 - 150,1,56400,41,32990
10,Blue Star,2024,0.8,3,Star Split Inverter,4.2,544.39,90,1,42500,40,25490
11,IFB,2025,1.5,3,Star Split Inverter,4.2,946.17,111 - 150,1,57146,47,29990
12,Panasonic,2025,1.5,3,Star Split Inverter,4.2,977.16,111 - 150,1,51900,33,34480
13,Samsung,2025,1.5,3,Star Split Inverter,4.1,852.47,111 - 150,5,72790,53,33991
14,Godrej,2025,2.5,3,Star Split Inverter,4.0,1330.81,111 - 150,5,68000,32,45999
15,IFB,2025,1.5,5,Star Split Inverter,4.1,721.04,111 - 150,1,66365,47,34590
16,Midea,2025,1.5,3,Star Split Inverter,4.3,952.68,111 - 150,1,57400,51,27990
17,Voltas,2024,1.0,3,Star Split Inverter,4.1,672.93,90,1,56390,52,26999
18,Godrej,2025,1.5,4,Star Split Inverter,4.0,835.07,111 - 150,5,46000,36,28990
19,Lloyd,2023,2.0,3,Star Split Inverter,3.9,1261.37,151 - 200,1,77990,52,36890
20,CARRIER,2025,1.0,5,Star Split Inverter,4.1,536.2,90,1,61300,47,31990
21,Samsung,2025,1.5,3,Star Split Inverter,4.1,1047.62,111 - 150,5,63490,40,37491
22,Lloyd,2025,1.5,3,Star Split Inverter,4.1,941.76,111 - 150,1,53990,44,29990
23,Godrej,2025,1.4,3,Star Split Inverter,3.8,905.88,111 - 150,5,40450,34,26690
24,Godrej,2025,1.5,5,Star Split Inverter,4.0,728.37,111 - 150,5,50600,33,33490
25,Daikin,2024,1.5,3,Star Split Inverter,4.2,966.47,111 - 150,1,53830,35,34490
26,Voltas,2024,1.5,5,Star Split Inverter,4.2,751.28,111 - 150,1,75990,51,36970
27,IFB,2025,1.0,3,Star Split Inverter,4.0,657.31,90,1,48849,46,25990
28,Panasonic,2025,1.5,5,Star Split Inverter,4.3,759.55,111 - 150,1,59300,30,41390
29,Samsung,2025,1.5,5,Star Split Inverter,4.3,751.24,111 - 150,5,79190,48,40990
30,Blue Star,2024,0.8,3,Star Split Inverter,4.2,544.39,90,1,42500,40,25490
31,Voltas,2024,1.0,5,Star Split Inverter,4.2,511.13,90,1,63990,48,32800
32,Blue Star,2025,1.5,5,Star Split Inverter,4.2,783.33,111 - 150,1,69100,40,40990
33,Samsung,2025,1.5,3,Star Split Inverter,4.1,852.47,111 - 150,5,72790,53,33991
34,Panasonic,2024,2.0,3,Star Split Inverter,4.2,1215.59,151 - 200,1,63900,33,42390
35,MarQ,2025,1.5,5,Star Split Inverter,4.2,781.88,111 - 150,1,56199,48,28990
36,IFB,2025,1.5,3,Star Split Inverter,4.2,946.17,111 - 150,1,57146,47,29990
37,Midea,2025,1.5,3,Star Split Inverter,4.3,952.68,111 - 150,1,57400,51,27990
38,Lloyd,2024,1.5,3,Star Split Inverter,4.1,941.66,111 - 150,1,58990,51,28900
39,Samsung,2025,1.0,5,Star Split Inverter,4.2,525.92,90,5,69990,49,35490
40,Voltas,2024,1.0,3,Star Split Inverter,4.1,672.93,90,1,56390,52,26999
41,Voltas,2025,2.0,3,Star Split Inverter,4.1,1220.59,151 - 200,1,79990,38,48999
42,Panasonic,2025,1.4,3,Star Split Inverter,4.2,929.59,111 - 150,1,50100,36,31710
43,ONIDA,2025,1.5,5,Star Split Inverter,4.3,767.34,111 - 150,1,50900,40,30390
44,MarQ,2025,1.5,3,Star Split Inverter,4.2,553.16,90,1,42799,54,19490
45,Voltas,2025,1.5,3,Star Split Inverter,4.2,975.26,111 - 150,1,64900,47,34050
46,Haier,2025,1.0,3,Star Split Dual,4.1,688.52,90,5,54500,46,28990
47,Blue Star,2025,1.0,5,Star Split Inverter,4.1,538.94,90,1,59000,41,34790
48,Lloyd,2025,1.5,3,Star Split Inverter,4.1,951.47,111 - 150,1,58990,51,28850
49,MarQ,2025,1.0,5,Star Split Inverter,4.2,526.8,90,1,48799,46,25990
50,Voltas,2024,1.5,5,Star Split Inverter,4.2,751.28,111 - 150,1,75990,51,36970
51,Blue Star,2024,0.8,3,Star Split Inverter,4.2,544.39,90,1,42500,40,25490
52,Samsung,2025,1.5,3,Star Split Inverter,4.1,1047.62,111 - 150,5,63490,40,37491
53,ONIDA,2024,1.5,3,Star Split Inverter,4.1,952.59,111 - 150,1,42290,36,26690
54,Lloyd,2025,0.8,3,Star Split Inverter,4.1,549.06,90,1,43990,47,22990
55,Haier,2025,1.0,3,Star Split Dual,4.1,688.52,90,5,54500,46,28990
56,Voltas,2024,1.0,5,Star Split Inverter,4.2,511.13,90,1,63990,48,32800
57,Samsung,2025,1.5,3,Star Split Inverter,4.1,852.47,111 - 150,5,72790,53,33991
58,LG,2025,1.5,5,Star Split AI,4.2,744.75,111 - 150,1,84990,49,42990
59,Lloyd,2025,1.0,3,Star Split Inverter,4.0,698.48,90,1,49990,49,25490
60,Voltas,2024,1.0,3,Star Split Inverter,4.1,672.93,90,1,56390,52,26999
61,CARRIER,2025,1.0,5,Star Split Inverter,4.1,536.2,90,1,61300,47,31990
62,Daikin,2024,1.0,5,Star Split Inverter,4.2,523.54,90,1,55364,37,34778
63,Haier,2025,1.5,3,Star Split Inverter,4.0,941.42,111 - 150,1,57400,44,31790
64,IFB,2025,1.5,3,Star Split Inverter,4.2,946.17,111 - 150,1,57146,47,29990
65,realme TechLife,2025,1.5,5,Star Split Inverter,4.2,781.88,111 - 150,1,61699,53,28990
66,Voltas,2025,2.0,3,Star Split Inverter,4.1,1220.59,151 - 200,1,79990,38,48999
67,Midea,2025,1.5,3,Star Split Inverter,4.3,952.68,111 - 150,1,57400,51,27990
68,Panasonic,2025,1.0,5,Star Split Inverter,4.2,524.08,90,1,50700,28,36320
69,Blue Star,2025,1.3,3,Star Split Inverter,4.1,865.48,111 - 150,1,57500,48,29390
70,Panasonic,2025,1.0,4,Star Split Inverter,4.2,589.45,90,1,47900,29,33560
71,Samsung,2025,2.0,3,Star Split Inverter,4.0,2000.0,151 - 200,5,89490,48,45880
72,Haier,2025,1.5,5,Star Split Inverter,4.1,714.29,111 - 150,1,71000,46,37850
73,Panasonic,2025,1.0,3,Star Split Inverter,4.2,667.91,90,1,45100,30,31250
74,Godrej,2025,1.5,5,Star Split Inverter,4.0,728.31,111 - 150,5,50600,32,33990
75,LG,2025,1.0,5,Star Split AI,4.2,515.84,90,1,69990,49,35490
76,Voltas,2024,1.5,5,Star Split Inverter,4.2,751.28,111 - 150,1,75990,51,36970
77,IFB,2025,1.0,3,Star Split Inverter,4.0,657.31,90,1,48849,46,25990
78,Mitsubishi Electric,2024,1.8,2,Star Split AC,3.9,1360.88,151 - 200,1,57000,19,45990
79,Voltas,2024,1.0,3,Star Split Inverter,4.1,672.93,90,1,56390,52,26999
80,Blue Star,2024,0.8,3,Star Split Inverter,4.2,544.39,90,1,42500,40,25490
81,Voltas,2024,1.0,5,Star Split Inverter,4.2,511.13,90,1,63990,48,32800
82,ONIDA,2025,2.0,3,Star Split Inverter,4.2,1231.9,151 - 200,1,66290,47,34990
83,Godrej,2024,1.5,3,Star Split Inverter,4.0,980.37,111 - 150,5,48990,34,32012
84,Daikin,2024,0.8,3,Star Split AC,4.2,574.39,90,1,38100,35,24490
85,Blue Star,2025,1.0,5,Star Split Inverter,4.1,538.94,90,1,59000,41,34790
86,IFB,2025,1.5,3,Star Split Inverter,4.2,946.17,111 - 150,1,57146,47,29990
87,Midea,2025,1.5,3,Star Split Inverter,4.3,952.68,111 - 150,1,57400,51,27990
88,IFB,2025,2.0,3,Star Split Inverter,4.2,1252.53,151 - 200,1,73740,44,40590
89,Mitsubishi Electric,2025,1.0,3,Star Split AC,4.3,675.02,90,5,40200,21,31490
90,Samsung,2025,1.5,5,Star Split Inverter,4.2,751.24,111 - 150,1,79190,48,40990
91,Blue Star,2025,1.5,5,Star Split Inverter,3.9,783.33,111 - 150,1,69100,40,40990
92,Lloyd,2025,2.0,5,Star Split Inverter,4.0,970.29,151 - 200,1,85990,46,46360
93,Lloyd,2025,1.0,5,Star Split Inverter,4.0,533.89,90,1,52990,41,30990
94,Haier,2025,2.0,3,Star Split Inverter,4.1,1228.96,151 - 200,1,73600,42,42390
95,Daikin,2025,1.8,3,Star Hot and,4.2,1057.21,151 - 200,1,70610,27,50990
96,Voltas,2024,1.5,5,Star Split Inverter,4.2,751.28,111 - 150,1,75990,51,36970
97,Blue Star,2024,0.8,3,Star Split Inverter,4.2,544.39,90,1,42500,40,25490
98,Voltas,2024,1.0,5,Star Split Inverter,4.2,518.75,90,1,58890,43,32990
99,Whirlpool,2024,1.5,3,Star Split Inverter,4.1,1015.5,111 - 150,1,65400,55,28999
100,Voltas,2024,1.0,5,Star Split Inverter,4.2,511.13,90,5,63990,48,32800
101,Samsung,2025,1.5,3,Star Split Inverter,4.1,852.47,111 - 150,1,72790,53,33991
102,Haier,2025,1.6,5,Star Split Inverter,4.2,836.95,151 - 200,1,78200,44,43290
103,MOTOROLA,2025,1.5,3,Star Split Inverter,4.2,1011.43,111 - 150,1,52499,48,26990
104,Lloyd,2025,1.0,3,Star Split Inverter,4.0,698.49,90,1,47990,31,32999
105,Blue Star,2025,1.5,3,Star Split Inverter,4.1,1026.46,111 - 150,1,59200,41,34490
106,Voltas,2024,1.0,3,Star Split Inverter,4.1,672.93,90,1,56390,52,26999
107,CARRIER,2025,1.0,5,Star Split Inverter,4.1,536.2,90,1,61300,47,31990
108,Haier,2025,1.5,3,Star Window Air,3.9,1192.12,111 - 150,1,43600,44,23990
109,Lloyd,2025,1.0,5,Star Split Inverter,4.0,533.89,90,5,52990,41,30990
110,Samsung,2025,1.5,3,Star Split Inverter,4.1,1047.62,111 - 150,5,63490,40,37491
111,Haier,2025,1.0,3,Star Split Dual,4.1,688.52,90,1,54500,46,28990
112,TCL,2025,1.0,3,Star Split Dual,4.0,877.4391134020618,90,1,50991,54,22990
113,Godrej,2025,1.5,3,Star Window Anti,4.0,657.31,111 - 150,5,38600,33,25490
114,LG,2024,1.0,3,Star Split Dual,4.2,877.4391134020618,90,1,67990,56,29490
115,Blue Star,2025,1.0,5,Star Split Inverter,4.1,1203.74,90,1,59000,41,34790
116,Voltas,2025,2.0,3,Star Split Inverter,4.1,650.52,151 - 200,1,79990,38,48999
117,Midea,2025,1.5,3,Star Split Inverter,4.3,538.94,111 - 150,1,57400,51,27990
118,Sansui,2024,1.5,5,Star Split Inverter,4.1,1220.59,111 - 150,1,57490,44,31990
119,LG,2025,1.0,5,Star Split AI,4.2,952.68,90,1,69990,49,35490
120,Voltas,2024,1.5,5,Star Split Inverter,4.2,767.34,111 - 150,1,75990,51,36970
121,Blue Star,2024,0.8,3,Star Split Inverter,4.2,515.84,90,1,42500,40,25490
122,Godrej,2025,1.5,3,Star Window with,4.0,751.28,111 - 150,1,41900,37,26220
123,Voltas,2024,1.0,3,Star Split Inverter,4.1,544.39,90,1,56990,49,28540
124,CARRIER,2025,1.5,5,Star Split Inverter,4.2,1216.12,111 - 150,1,70100,43,39490
125,Lloyd,2023,1.5,3,Star Window AC,4.1,672.93,111 - 150,1,47990,46,25500
126,Voltas,2024,1.0,5,Star Split Inverter,4.2,754.05,90,5,63990,48,32800
127,Samsung,2025,1.5,3,Star Split Inverter,4.1,1180.51,111 - 150,1,72790,53,33991
128,Voltas,2023,1.5,3,Star Split Inverter,4.2,511.13,111 - 150,1,54990,52,69990
129,Voltas,2025,1.2,3,Star Split Inverter,4.2,852.47,91 - 110,1,56390,52,26366
130,Voltas,2024,1.0,3,Star Split Inverter,4.1,1045.71,90,1,61300,47,26999
131,CARRIER,2025,1.0,5,Star Split Inverter,4.1,1700.0,90,1,61300,50,31990
132,LG,2025,1.5,4,Star Split AI,4.1,672.93,111 - 150,1,75990,38,37990
133,Panasonic,2025,1.5,3,Star Split Inverter,4.2,536.2,111 - 150,1,55400,49,33890
134,Lloyd,2025,1.0,3,Star Split Inverter,4.0,838.67,90,1,49990,47,25490
135,LG,2025,1.5,5,Star Split AI,4.2,905.23,111 - 150,5,78990,40,41490
136,Samsung,2025,1.5,3,Star Split Inverter,4.1,698.48,111 - 150,1,63490,46,37491
137,Haier,2025,1.0,3,Star Split Dual,4.1,744.54,90,5,54500,39,28990
138,Godrej,2025,1.0,3,Star Split Inverter,4.0,1047.62,90,1,41900,40,25370
139,Sharp,2025,1.0,3,Star Split Inverter,4.3,688.52,90,1,49990,38,29990
140,Voltas,2025,2.0,3,Star Split Inverter,4.1,655.84,151 - 200,1,79990,51,48999
141,Midea,2025,1.5,3,Star Split Inverter,4.3,657.31,111 - 150,1,57400,47,27990
142,Lloyd,2025,1.5,5,Star Split Inverter,4.1,1220.59,111 - 150,1,67990,51,35790
143,Lloyd,2023,1.5,3,Star Split Inverter,4.1,952.68,111 - 150,1,59990,47,28890
144,Voltas,2025,1.0,3,Star Split AC,4.1,715.07,90,1,55990,49,28479
145,Haier,2025,1.5,3,Star Window Air,3.9,999.49,111 - 150,1,43600,44,23990
146,Voltas,2024,1.5,5,Star Split Inverter,4.2,700.57,111 - 150,1,75990,51,36970
147,Blue Star,2024,0.8,3,Star Split Inverter,4.2,1192.12,90,1,42500,40,25490
148,Midea,2025,1.0,3,Star Split Inverter,4.3,751.28,90,1,48500,45,26490
149,Blue Star,2025,0.8,3,Star Window Inverter,4.1,544.39,90,1,61300,21,23539
150,Voltas,2024,1.0,5,Star Split Inverter,4.2,685.62,90,1,30000,48,32800
151,Samsung,2025,1.5,3,Star Split Inverter,4.1,611.54,111 - 150,5,63990,53,33991
152,Sharp,2025,1.5,5,Star Split Inverter,3.6,511.13,111 - 150,1,72790,42,37590
153,Voltas,2025,1.0,5,Star Window Inverter,4.3,852.47,90,1,64990,29,32970
154,MarQ,2025,1.5,3,Star Split Inverter,4.2,782.92,111 - 150,1,46990,47,25090
155,Voltas,2023,1.5,5,Star Split Inverter,4.2,771.14,111 - 150,1,47899,52,35849
156,Voltas,2024,1.0,3,Star Split Inverter,4.1,953.67,90,1,75990,52,26999
157,CARRIER,2025,1.0,5,Star Split Inverter,4.1,759.07,90,1,56390,47,31990
158,MarQ,2025,2.0,3,Star Split Inverter,4.2,672.93,151 - 200,1,61300,44,34490
159,Godrej,2025,1.5,3,Star Window AC,4.0,536.2,111 - 150,1,61699,38,25880
160,Samsung,2025,1.5,3,Star Split Inverter,4.1,877.4391134020618,111 - 150,1,41900,40,37491
161,Haier,2025,1.0,3,Star Split Dual,4.1,1281.64,90,5,63490,46,28990
162,General,2025,1.0,4,Star Window AC,2.0,1203.74,90,5,61300,14,36612
163,Voltas,2025,1.0,5,Star Split Inverter,4.2,1047.62,90,1,54500,49,32499
164,LG,2025,1.5,3,Star Hot and,4.1,688.52,111 - 150,1,42680,49,41990
165,MOTOROLA,2025,2.0,3,Star Split Inverter,4.4,1560.0,151 - 200,1,63990,47,35890
166,Voltas,2025,2.0,3,Star Split Inverter,4.1,542.35,151 - 200,1,82990,38,48999
167,Midea,2025,1.5,3,Star Split Inverter,4.3,1005.66,111 - 150,1,68199,51,27990
168,Samsung,2025,1.0,3,Star Split Inverter,4.2,1281.64,90,1,79990,52,29850
169,Samsung,2024,1.0,5,Star Split Inverter,4.2,1220.59,90,1,57400,37,38899
170,Voltas,2024,1.5,5,Star Split Inverter,4.2,952.68,111 - 150,1,62590,51,36970
171,Blue Star,2024,0.8,3,Star Split Inverter,4.2,1080.0,90,1,62490,40,25490
172,Samsung,2024,1.5,3,Star Split Inverter,4.1,890.0,111 - 150,1,75990,41,33076
173,Lloyd,2025,1.0,3,Star Split Inverter,4.0,751.28,90,1,42500,39,26990
174,Hitachi,2025,2.0,3,Star Split Inverter,4.0,544.39,151 - 200,1,56990,33,49490
175,Lloyd,2025,1.25,3,Star Split Inverter,4.3,1510.0,111 - 150,1,44900,39,32194
176,Samsung,2025,1.5,3,Star Split Inverter,4.1,5500.0,90,1,74050,53,33991
177,CARRIER,2025,1.0,5,Star Split Inverter,4.1,1277.22,90,1,52990,47,31990
178,Lloyd,2025,1.0,3,Star Split Inverter,4.0,1700.0,111 - 150,5,72790,41,26299
179,Panasonic,2025,1.5,3,Star Hot and,4.2,852.47,111 - 150,1,61300,37,39380
180,Samsung,2025,1.5,3,Star Split Inverter,4.1,536.2,90,1,44990,40,37491
181,Voltas,2024,1.0,5,Star Split Inverter,4.2,644.02,111 - 150,1,62900,48,32800
182,Lloyd,2025,1.5,3,Star Split Inverter,4.1,928.57,90,5,63490,48,30690
183,LG,2024,0.8,3,Star Split Dual,3.8,1047.62,111 - 150,1,63990,7,62990
184,LG,2025,1.5,5,Star Split AI,4.2,511.13,151 - 200,1,59990,49,42990
185,Voltas,2025,2.0,3,Star Split Inverter,3.5,5800.0,151 - 200,1,67990,47,42199
186,Samsung,2025,2.0,3,Star Split Inverter,4.0,625.33,90,1,84990,48,45880
187,Haier,2025,1.0,3,Star Split Dual,4.1,744.75,111 - 150,5,79990,46,28990
188,Voltas,2025,1.5,3,Star Split Inverter,4.2,2000.0,111 - 150,5,89490,50,34400
189,Haier,2025,1.5,3,Star Window AC,3.9,688.52,90,1,54500,28,28525
190,Voltas,2024,1.0,3,Star Split Inverter,4.1,1037.79,111 - 150,1,68990,52,26999
191,Midea,2025,1.5,3,Star Split Inverter,4.3,1203.74,90,1,39900,51,27990
192,realme TechLife,2025,1.0,3,Star Split Inverter,4.2,672.93,111 - 150,1,56390,52,22990
193,Blue Star,2025,1.5,3,Star Split Inverter,4.1,952.68,90,1,57400,41,34490
194,Blue Star,2025,1.0,5,Star Split Inverter,4.1,678.85,111 - 150,1,47899,36,38450
195,Blue Star,2025,1.0,3,Star Split Inverter,4.1,1026.46,90,1,59200,35,30990
196,Blue Star,2024,0.8,3,Star Split Inverter,4.2,538.94,90,1,60500,40,25490
197,CARRIER,2025,1.0,5,Star Split Inverter,4.1,705.78,90,1,48300,47,31990
198,Mitsubishi Electric,2025,1.0,3,Star Split AC,4.1,544.39,90,1,42500,21,31490
199,LG,2025,2.0,3,Star Split AI,4.2,877.4391134020618,151 - 200,1,61300,43,47006
200,Panasonic,2025,1.0,4,Star Split Inverter,4.2,536.2,90,1,40200,29,33560
201,Voltas,2024,1.5,5,Star Split Inverter,4.1,675.02,111 - 150,1,82794,51,36970
202,Daikin,2025,1.8,3,Star Hot and,4.0,1218.49,151 - 200,1,47900,28,54899
203,Hitachi,2024,1.5,3,Star Split AC,4.3,589.45,111 - 150,1,75990,45,34990
204,MOTOROLA,2025,1.5,5,Star Split Inverter,3.7,751.28,111 - 150,1,76600,51,31290
205,Acerpure,2025,1.0,5,Star Split Inverter,4.0,1057.21,90,1,63850,44,26084
206,Samsung,2025,2.0,3,Star Split Inverter,4.3,1039.62,151 - 200,5,64499,48,45880
207,Midea,2025,1.5,3,Star Split Inverter,4.1,781.88,111 - 150,1,46990,51,27990
208,Panasonic,2024,1.5,4,Star Split Inverter,4.0,855.0,111 - 150,5,89490,37,36990
209,Panasonic,2025,0.8,3,Star Split Inverter,4.2,2000.0,90,1,57400,35,25990
210,Midea,2025,1.0,5,Star Split Inverter,4.1,952.68,90,1,59400,43,30990
211,Panasonic,2025,1.5,4,Star Split Inverter,4.1,876.76,111 - 150,1,40600,32,37490
212,Daikin,2023,1.0,3,Star Split Inverter,4.2,519.64,90,1,54700,35,30990
213,Panasonic,2024,2.0,3,Star Split Inverter,4.3,536.2,151 - 200,1,55600,33,42390
214,Panasonic,2024,1.5,5,Star Split Inverter,3.9,858.17,111 - 150,5,48200,40,37990
215,Haier,2025,1.5,3,Star Window AC,4.1,680.4,111 - 150,1,63900,38,25890
216,Voltas,2024,1.5,5,Star Split Inverter,4.2,1215.59,111 - 150,1,63400,51,36970
217,IFB,2025,1.0,3,Star Split Inverter,4.0,774.19,90,1,42000,46,25990
218,Haier,2025,1.5,5,Star Split Inverter,4.1,1192.12,111 - 150,1,75990,40,38650
219,MarQ,2024,1.5,5,Star Split Inverter,4.2,751.28,111 - 150,1,48849,54,27590
220,Blue Star,2024,0.8,3,Star Split Inverter,4.2,657.31,90,1,65000,40,25490
221,Voltas,2024,1.0,5,Star Split Inverter,4.2,880.3,90,1,59999,48,32800
222,Godrej,2024,1.0,5,Star Split Inverter,4.0,767.34,90,1,42500,38,29990
223,Godrej,2025,1.5,5,Star Split Inverter,4.0,544.39,111 - 150,5,63990,32,33990
224,MarQ,2024,1.5,4,Star Split Inverter,4.3,511.13,111 - 150,1,48990,7,49990
225,Godrej,2023,1.0,3,Star Split Inverter,4.0,516.37,90,1,50600,40,26999
226,IFB,2025,1.5,3,Star Split Inverter,4.2,728.31,111 - 150,1,53999,47,29990
227,Midea,2025,1.5,3,Star Split Inverter,4.3,832.59,111 - 150,1,45000,51,27990
228,Daikin,2025,1.0,3,Star Split Inverter,4.1,694.03,90,1,57146,23,31970
229,MarQ,2024,1.0,5,Star Split Inverter,4.2,946.17,90,1,57400,49,26990
230,Voltas,2024,1.0,3,Star Split Inverter,4.1,952.68,90,1,42000,52,26999
231,Blue Star,2025,1.5,5,Star Split Inverter,4.2,680.4,111 - 150,1,52999,40,40990
232,LG,2025,1.5,3,Star Split AI,4.1,675.18,111 - 150,1,56390,55,34490
233,General,2025,1.5,3,Star Split Inverter,3.5,672.93,111 - 150,1,69100,10,46881
234,Voltas,2023,2.0,3,Star Split AC,4.1,783.33,151 - 200,1,77990,43,42350
235,Thomson,2023,1.0,3,Star Split Inverter,3.8,852.44,90,1,52630,30,27990
236,Voltas,2025,2.0,3,Star Split Inverter,4.1,1058.54,151 - 200,1,75000,38,48999
237,Haier,2025,1.0,3,Star Split Dual,4.1,1323.72,90,5,39998,46,28990
238,Whirlpool,2023,1.5,4,Star Split Inverter,4.1,676.37,111 - 150,1,79990,44,36900
239,Whirlpool,2023,1.5,3,Star Split Inverter,4.1,1220.59,111 - 150,1,54500,47,33850
240,Voltas,2024,1.5,5,Star Split Inverter,4.2,688.52,111 - 150,1,66900,51,36970
241,IFB,2025,1.0,3,Star Split Inverter,4.0,854.16,90,1,64999,46,25990
242,Voltas,2025,1.5,3,Star Split Inverter,4.2,1015.5,111 - 150,1,75990,45,32850
243,Voltas,2023,2.0,5,Star Split Inverter,4.2,751.28,151 - 200,1,48849,45,50900
244,IFB,2025,1.5,5,Star Split Inverter,4.1,657.31,111 - 150,1,60500,37,37650
245,Godrej,2025,1.5,5,Star Window Inverter,4.0,1036.6,111 - 150,5,93999,40,29920
246,Blue Star,2024,0.8,3,Star Split Inverter,4.2,959.19,90,1,60500,40,25490
247,Voltas,2024,1.0,5,Star Split Inverter,4.2,867.16,90,1,49990,48,32800
248,Panasonic,2023,1.0,5,Star Split Inverter,4.2,1111.14,90,1,42500,49,32490
249,Daikin,2025,1.0,3,Star Split AC,4.1,544.39,90,1,63990,41,26975
250,IFB,2025,1.5,3,Star Split Inverter,4.2,511.13,111 - 150,1,64400,47,29990
251,Midea,2025,1.5,3,Star Split Inverter,4.3,531.41,111 - 150,1,46000,51,27990
252,Blue Star,2025,1.5,5,Star Split Inverter,4.2,656.44,111 - 150,1,57146,46,39850
253,Blue Star,2025,1.0,3,Star Split Inverter,4.1,946.17,90,1,57400,40,30350
254,Daikin,2025,1.5,3,Star Split AC,4.2,952.68,111 - 150,1,74500,32,37690
255,Daikin,2025,1.5,3,Star Split AC,4.2,783.33,111 - 150,1,50700,29,39000
256,Voltas,2024,1.0,3,Star Split Inverter,4.1,877.4391134020618,90,1,55600,52,26999
257,Samsung,2025,1.5,5,Star Split Inverter,4.3,684.94,111 - 150,5,55600,48,40990
258,Hitachi,2025,1.5,3,Star Split Inverter,4.0,989.31,111 - 150,1,56390,36,33490
259,Samsung,2024,1.5,5,Star Split Inverter,4.3,1099.44,111 - 150,1,79190,49,36900
260,Blue Star,2025,1.5,5,Star Split Inverter,4.2,672.93,111 - 150,1,53050,40,40990
261,Voltas,2025,2.0,3,Star Split Inverter,4.1,751.24,151 - 200,1,72990,38,48999
262,realme TechLife,2023,1.2,4,Star Split Inverter,4.3,1013.01,91 - 110,1,69100,45,27990
263,Thomson,2023,1.0,2,Star Split With,4.0,749.48,90,1,79990,6,34490
264,Haier,2025,1.5,3,Star Split Dual,4.0,783.33,111 - 150,5,50999,50,32499
265,Hitachi,2025,1.5,5,Star Split Inverter,4.0,877.4391134020618,111 - 150,1,36998,45,39590
266,Voltas,2024,1.5,5,Star Split Inverter,4.2,1220.59,111 - 150,1,66000,51,36970
267,Blue Star,2024,0.8,3,Star Split Inverter,4.2,1230.0,90,1,72900,40,25490
268,Blue Star,2025,1.0,5,Star Split Inverter,4.1,732.3,90,1,75990,38,37150
269,Daikin,2025,1.5,5,Star Split Inverter,4.2,1029.15,111 - 150,1,42500,34,44230
270,Voltas,2024,1.0,5,Star Split Inverter,4.2,758.52,90,1,60500,48,32800
271,Samsung,2025,1.5,3,Star Split Inverter,4.1,751.28,111 - 150,5,67200,53,33991
272,Voltas,2024,2.0,3,Star Split Inverter,4.1,544.39,151 - 200,1,61300,44,40490
273,Voltas,2025,1.0,3,Star Split Inverter,4.1,517.83,90,1,63990,53,26590
274,Blue Star,2025,1.5,3,Star Split Inverter,4.1,785.67,111 - 150,1,72790,42,33899
275,Voltas,2025,1.5,3,Star Split Inverter,4.2,511.13,111 - 150,1,73590,49,32970
276,Voltas,2024,1.0,3,Star Split Inverter,4.1,852.47,90,1,56900,52,26999
277,CARRIER,2025,1.0,5,Star Split Inverter,4.1,1207.93,90,1,58500,47,31990
278,Voltas,2023,2.0,3,Star Split Inverter,4.1,682.59,151 - 200,1,64990,50,39579
279,MITASHI,2025,1.0,3,Star Split Inverter,4.1,1012.16,90,1,56390,27,29500
280,Samsung,2025,1.5,3,Star Split Inverter,4.1,975.26,111 - 150,5,61300,40,37491
281,Haier,2025,1.0,3,Star Split Dual,4.1,672.93,90,5,79990,46,28990
282,Daikin,2025,1.8,1,Star Split AC,4.4,536.2,151 - 200,1,40500,33,40710
283,CARRIER,2025,1.5,3,Star Window Inverter,4.3,1220.59,111 - 150,1,63490,42,27499
284,Samsung,2025,1.5,5,Star Split Inverter,4.3,765.59,111 - 150,1,54500,50,42898
285,Blue Star,2025,1.5,3,Star Split Inverter,4.1,1047.62,111 - 150,1,61600,46,32990
286,Voltas,2025,2.0,3,Star Split Inverter,4.1,688.52,151 - 200,1,47590,38,48999
287,Midea,2025,1.5,3,Star Split Inverter,4.3,1435.97,111 - 150,1,85990,51,27990
288,Whirlpool,2023,1.0,3,Star Split AC,4.1,1196.48,90,1,61750,23,28990
289,Whirlpool,2023,1.5,3,Star Split AC,4.1,751.24,111 - 150,1,79990,29,31470
290,Voltas,2024,1.5,5,Star Split Inverter,4.2,877.4391134020618,111 - 150,1,57400,51,36970
291,IFB,2025,1.0,3,Star Split Inverter,4.0,101.2,90,1,38000,46,25990
292,Lloyd,2025,1.5,5,Star Split Inverter,4.1,1220.59,111 - 150,1,44400,46,37580
293,Haier,2025,1.5,3,Star Split Inverter,4.0,952.68,111 - 150,1,61300,46,33650
294,Hitachi,2023,1.5,3,Star Split Inverter,4.0,980.0,111 - 150,1,75990,39,37890
295,General,2025,1.5,3,Star Split AC,3.5,1410.0,111 - 150,1,48849,16,53800
296,Blue Star,2024,0.8,3,Star Split Inverter,4.2,751.28,90,1,69990,40,25490
297,Voltas,2024,1.0,5,Star Split Inverter,4.2,657.31,90,1,62500,48,32800
298,Lloyd,2025,1.5,5,Star Split Inverter,4.1,780.56,111 - 150,1,63100,45,35490
299,Voltas,2024,1.5,3,Star Split Inverter,4.2,987.76,111 - 150,1,64210,52,33880
300,IFB,2025,1.5,3,Star Split Inverter,4.2,1024.34,111 - 150,1,42500,47,29990
301,Midea,2025,1.5,3,Star Split Inverter,4.3,1052.79,111 - 150,1,63990,51,27990
302,Samsung,2025,1.5,4,Star Split Inverter,4.1,544.39,111 - 150,1,64900,53,29520
303,Sansui,2023,1.5,3,Star Split Inverter,2.3,511.13,111 - 150,1,70990,50,28223
304,realme TechLife,2025,1.5,5,Star Split Inverter,4.2,715.07,111 - 150,5,57146,53,28990
305,Godrej,2024,1.5,3,Star Split Inverter,4.0,1037.79,111 - 150,1,57400,32,30490
306,Voltas,2024,1.0,3,Star Split Inverter,4.1,946.17,90,5,62990,52,26999
307,Samsung,2025,1.5,5,Star Split Inverter,4.3,952.68,111 - 150,1,57500,48,40990
308,Sharp,2025,1.5,3,Star Split Inverter,4.3,940.09,111 - 150,1,61699,40,32890
309,Panasonic,2023,1.0,5,Star Split Inverter,4.2,781.88,90,1,45050,33,45490
310,Blue Star,2025,1.5,5,Star Split Inverter,4.2,980.37,111 - 150,1,56390,40,40990
311,Voltas,2025,2.0,3,Star Split Inverter,4.1,672.93,151 - 200,1,79190,38,48999
312,Blue Star,2025,1.5,5,Star Split Inverter,4.2,751.24,111 - 150,1,54990,35,44500
313,Daikin,2025,1.5,5,Star Split Inverter,4.2,993.57,111 - 150,1,68400,48,40942
314,Godrej,2025,2.0,3,Star Split Inverter,3.9,531.41,151 - 200,1,69100,26,37990
315,Daikin,2025,0.8,3,Star Split With,4.2,783.33,90,1,79990,23,24599
316,Voltas,2024,1.5,5,Star Split Inverter,4.2,1220.59,111 - 150,1,69500,51,36970
317,Blue Star,2024,0.8,3,Star Split Inverter,4.2,1456.0,90,1,61300,40,25490
318,Daikin,2025,1.5,5,Star Split Inverter,4.2,785.67,111 - 150,1,80157,37,42280
319,Whirlpool,2025,1.0,5,Star Split Inverter,4.1,1201.27,90,1,51990,38,31990
320,Voltas,2024,1.0,5,Star Split Inverter,4.2,767.0,90,5,32000,48,32800
321,Samsung,2025,1.5,3,Star Split Inverter,4.1,751.28,111 - 150,1,75990,53,33991
322,Blue Star,2025,1.0,5,Star Split Inverter,4.1,544.39,90,1,42500,37,58000
323,Kelvinator,2025,1.5,3,Star Window AC,4.4,1540.0,111 - 150,1,67200,31,26650
324,Daikin,2025,1.0,5,Star Split Inverter,4.2,560.34,90,1,51750,38,40010
325,Daikin,2025,1.5,5,Star Split Inverter,4.2,511.13,111 - 150,1,63990,52,43450
326,Voltas,2024,1.0,3,Star Split Inverter,4.1,852.47,90,1,72790,47,26999
327,CARRIER,2025,1.0,5,Star Split Inverter,4.1,517.83,90,1,42490,45,31990
328,Panasonic,2025,1.5,3,Star Split Inverter,4.2,1180.51,111 - 150,1,58800,47,33800
329,Whirlpool,2025,1.5,5,Star Split Inverter,4.2,523.54,111 - 150,5,71200,40,37050
330,Samsung,2025,1.5,3,Star Split Inverter,4.1,756.78,111 - 150,5,56390,46,37491
331,Haier,2025,1.0,3,Star Split Dual,4.1,672.93,90,1,61300,51,28990
332,Haier,2023,1.0,3,Star Split Inverter,4.1,536.2,90,1,61900,40,27990
333,MarQ,2025,1.5,3,Star Split Inverter,4.2,976.65,111 - 150,1,70500,40,51999
334,ONIDA,2025,1.5,5,Star Split Inverter,4.3,762.86,111 - 150,1,63490,51,30390
335,Blue Star,2025,1.0,3,Star Split Inverter,4.1,1047.62,90,1,54500,40,30888
336,Voltas,2024,1.5,5,Star Split Inverter,4.2,688.52,111 - 150,1,57490,51,36970
337,Blue Star,2024,0.8,3,Star Split Inverter,4.2,688.52,90,1,50900,40,25490
338,Blue Star,2025,1.5,3,Star Split Inverter,4.1,1056.45,111 - 150,1,51500,49,31889
339,Hitachi,2025,1.5,3,Star Split Inverter,4.0,767.34,111 - 150,1,75990,49,32290
340,Voltas,2024,1.0,5,Star Split Inverter,4.2,705.78,90,1,42500,48,32800
341,Samsung,2025,1.5,3,Star Split Inverter,4.1,751.28,111 - 150,5,63250,53,33991
342,Whirlpool,2023,1.5,5,Star Split Inverter,4.2,544.39,111 - 150,1,63850,47,36850
343,Whirlpool,2025,1.5,3,Star Window Inverter,4.0,1026.46,111 - 150,1,63990,42,28860
344,CARRIER,2024,1.5,5,Star Split Inverter,4.2,1024.34,111 - 150,1,72790,54,34990
345,CARRIER,2025,1.5,5,Star Window Inverter,4.3,511.13,111 - 150,1,70600,40,34460
346,Voltas,2024,1.0,3,Star Split Inverter,4.1,852.47,111 - 150,1,50000,52,26999
347,CARRIER,2025,1.0,5,Star Split Inverter,4.1,761.33,90,1,76090,47,31990
348,Whirlpool,2025,1.5,5,Star Split Inverter,4.2,1188.57,90,5,58190,27,34049
349,Samsung,2025,1.5,3,Star Split Inverter,4.1,754.05,111 - 150,5,56390,40,37491
350,Haier,2025,1.0,3,Star Split Dual,4.1,1114.62,111 - 150,1,61300,46,28990
351,Voltas,2025,2.0,3,Star Split Inverter,4.1,672.93,90,5,47000,38,48999
352,Godrej,2025,2.5,3,Star Split Inverter,4.0,536.2,151 - 200,5,63490,32,45999
353,Samsung,2025,1.5,5,Star Split Inverter,4.3,728.95,111 - 150,1,54500,47,44444
354,CARRIER,2025,1.5,5,Star Split Inverter,4.2,1047.62,111 - 150,1,79990,34,39650
355,Blue Star,2025,1.5,3,Star Split Inverter,4.1,688.52,111 - 150,1,68000,4,58999
356,Midea,2025,1.5,3,Star Split Inverter,4.3,1220.59,111 - 150,1,84790,51,27990
357,Panasonic,2025,1.0,4,Star Split Inverter,4.2,1330.81,90,1,60500,29,33560
358,LG,2025,1.5,3,Star Split Dual,4.1,751.24,111 - 150,1,61972,41,39850
359,Whirlpool,2025,1.5,5,Star Split Inverter,4.2,888.75,111 - 150,1,57400,47,37350
360,Voltas,2024,1.5,5,Star Split Inverter,4.2,1456.0,111 - 150,1,47900,51,36970
361,Blue Star,2024,0.8,3,Star Split Inverter,4.2,952.68,90,1,67990,40,25490
362,Voltas,2024,1.0,5,Star Split Inverter,4.2,589.45,90,1,70500,48,32800
363,Godrej,2025,2.0,3,Star Cassette With,4.3,1370.0,151 - 200,1,75990,21,71990
364,Midea,2025,1.5,3,Star Split Inverter,4.2,867.41,111 - 150,1,42500,51,27990
365,Voltas,2024,1.5,5,Star Split Inverter,4.1,751.28,111 - 150,5,63990,48,38350
366,Samsung,2025,1.5,3,Star Split Inverter,4.1,544.39,111 - 150,1,91250,53,33991
367,Voltas,2024,1.0,3,Star Split Inverter,4.3,511.13,90,1,57400,52,26999
368,Panasonic,2023,1.5,5,Star Split Inverter,4.2,1231.6,111 - 150,1,75000,33,43350
369,Panasonic,2024,1.5,3,Star Split Inverter,4.1,952.68,111 - 150,1,72790,7,52100
370,CARRIER,2025,1.0,5,Star Split Inverter,4.1,751.28,90,5,56390,47,31990
371,Samsung,2025,1.5,3,Star Split Inverter,4.2,852.47,111 - 150,1,65400,40,37491
372,Panasonic,2023,1.0,5,Star Split Inverter,4.1,672.93,90,1,56400,26,39990
373,Panasonic,2023,1.5,4,Star Split Inverter,4.2,774.19,111 - 150,1,61300,37,42209
374,Panasonic,2023,1.5,3,Star Split Inverter,4.1,1000.53,111 - 150,1,63490,38,34850
375,Haier,2025,2.0,5,Star Split Inverter,4.1,536.2,151 - 200,5,61300,43,54390
376,Haier,2025,1.0,3,Star Split Dual,4.3,1047.62,90,1,54600,46,28990
377,Voltas,2025,2.0,3,Star Split Inverter,4.2,523.15,151 - 200,1,68000,38,48999
378,Samsung,2025,1.5,5,Star Split Inverter,4.2,876.76,111 - 150,1,56500,46,38500
379,Blue Star,2025,1.0,3,Star Window AC,4.0,1002.72,90,1,97000,23,25239
380,Panasonic,2025,1.0,4,Star Split Inverter,4.1,956.45,90,5,54500,29,33560
381,Samsung,2025,2.0,3,Star Split Inverter,4.2,688.52,151 - 200,1,79990,48,45880
382,Haier,2024,1.0,3,Star Split Triple,4.1,1220.59,90,1,71990,48,30770
383,Daikin,2023,1.5,5,Star Split Inverter,5.0,749.48,111 - 150,1,33000,36,42950
384,Lloyd,2024,1.5,5,Star Split Inverter,4.1,766.37,111 - 150,1,47900,46,37850
385,ONIDA,2023,1.0,3,Star Split Inverter,4.2,589.45,90,1,89490,37,26671
386,Voltas,2024,1.5,5,Star Split Inverter,4.2,2000.0,111 - 150,1,60000,51,36970
387,Blue Star,2024,0.8,3,Star Split Inverter,4.2,697.66,90,1,67200,40,25490
388,ONIDA,2023,1.5,3,Star Split Inverter,4.1,785.67,111 - 150,1,70500,33,29891
389,Whirlpool,2023,1.0,5,Star Split Inverter,4.1,751.65,90,1,42900,48,60500
390,Voltas,2024,1.0,5,Star Split Inverter,4.2,689.19,90,5,75990,53,32800
391,Samsung,2025,1.5,3,Star Split Inverter,4.1,751.28,111 - 150,1,42500,41,33991
392,Lloyd,2025,1.0,5,Star Split Inverter,4.0,544.39,90,5,44900,32,30990
393,Godrej,2025,1.0,3,Star Split Inverter,4.0,1002.84,90,5,63990,50,26690
394,Haier,2025,1.0,5,Star Split Inverter,3.9,515.27,90,1,72790,46,33490
395,realme TechLife,2025,1.5,3,Star Split Inverter,4.1,511.13,111 - 150,1,52990,52,26690
396,Voltas,2024,1.0,3,Star Split Inverter,4.1,852.47,90,1,39500,47,26999
397,CARRIER,2025,1.0,5,Star Split Inverter,4.1,533.89,90,1,67000,33,31990
398,Panasonic,2025,1.5,5,Star Split Inverter,4.3,1054.0,111 - 150,1,49699,47,44350
399,Lloyd,2025,0.8,3,Star Split Inverter,4.1,541.48,90,5,56390,40,22990
400,Samsung,2025,1.5,3,Star Split Inverter,4.1,953.67,111 - 150,5,61300,46,37491
401,Haier,2025,1.0,3,Star Split Dual,4.1,672.93,90,1,66500,51,28990
402,Lloyd,2025,2.0,3,Star Split Inverter,3.9,877.4391134020618,151 - 200,5,43990,49,37876
403,Haier,2025,1.0,3,Star Split Triple,4.1,536.2,90,1,63490,19,30390
404,Mitsubishi Electric,2024,1.8,2,Star Split AC,3.9,774.19,151 - 200,1,54500,40,45990
405,Godrej,2023,1.5,3,Star Split Inverter,4.1,549.06,111 - 150,1,77990,38,33650
406,Voltas,2025,2.0,3,Star Split Inverter,4.3,1047.62,151 - 200,1,60500,51,48999
407,Midea,2025,1.5,3,Star Split Inverter,4.1,688.52,111 - 150,1,57000,38,27990
408,Lloyd,2025,1.5,5,Star Window AC,4.1,1264.42,111 - 150,1,56500,38,34000
409,Panasonic,2024,1.0,5,Star Split Inverter,4.2,697.66,90,1,79990,28,42390
410,Voltas,2024,1.5,5,Star Split Inverter,4.2,1360.88,111 - 150,1,57400,51,36970
411,IFB,2025,1.0,3,Star Split Inverter,4.0,1220.59,90,1,54990,46,25990
412,Hitachi,2023,1.0,3,Star Split Inverter,4.0,952.68,90,1,59700,36,35110
413,Hitachi,2025,1.5,3,Star Split Inverter,4.0,1072.14,111 - 150,1,75990,42,35990
414,Haier,2024,1.0,5,Star Split Dual,3.9,516.33,90,1,48849,50,34039
415,Hitachi,2025,2.0,3,Star Split Inverter,4.0,751.28,151 - 200,1,55400,33,53099
416,Blue Star,2024,0.8,3,Star Split Inverter,4.2,657.31,90,1,63100,40,25490
417,Voltas,2024,1.0,5,Star Split Inverter,4.2,669.16,90,1,69000,48,32800
418,General,2025,1.2,3,Star Window AC,4.5,1012.62,91 - 110,1,80400,16,29022
419,Haier,2025,1.5,3,Star Split Inverter,4.0,541.48,111 - 150,1,42500,47,34031
420,IFB,2025,1.5,3,Star Split Inverter,4.2,1409.41,111 - 150,1,63990,47,29990
421,Midea,2025,1.5,3,Star Split Inverter,4.3,877.4391134020618,111 - 150,1,34590,51,27990
422,IFB,2023,1.5,5,Star Split Inverter,4.1,544.39,111 - 150,1,65000,42,37650
423,Haier,2024,1.5,3,Star Split Dual,4.0,511.13,111 - 150,1,57146,53,31350
424,BPL,2025,1.5,3,Star Split Inverter,4.7,983.12,111 - 150,1,57400,36,28360
425,Voltas,2024,1.5,3,Star Split Inverter,4.2,1029.15,111 - 150,1,65600,52,31060
426,Voltas,2024,1.0,3,Star Split Inverter,4.1,946.17,90,1,67500,52,26999
427,Blue Star,2025,1.5,5,Star Split Inverter,4.2,952.68,111 - 150,1,44990,40,40990
428,Voltas,2025,1.0,3,Star Split Inverter,4.1,798.18,90,1,64990,45,30530
429,General,2025,1.5,5,Star Window AC,4.9,1029.15,111 - 150,5,56390,9,43898
430,Voltas,2025,2.0,3,Star Split Inverter,4.1,948.91,151 - 200,1,69100,38,48999
431,Haier,2025,1.0,3,Star Split Dual,4.1,975.26,90,1,56000,46,28990
432,Godrej,2025,1.5,5,Star Split Inverter,4.0,672.93,111 - 150,1,48410,38,34350
433,Hitachi,2023,1.5,5,Star Split Inverter,4.0,783.33,111 - 150,1,79990,36,42771
434,Hitachi,2023,1.5,3,Star Split Inverter,4.0,740.59,111 - 150,1,54500,41,37737
435,Panasonic,2025,1.5,5,Star Split Inverter,4.3,1143.21,111 - 150,1,55900,33,43950
436,Voltas,2024,1.5,5,Star Split Inverter,4.2,1220.59,111 - 150,1,66990,51,36970
437,IFB,2025,1.0,3,Star Split Inverter,4.0,688.52,90,1,64500,46,25990
438,Daikin,2025,1.5,3,Star Split Inverter,4.2,840.2,111 - 150,1,65600,44,33082
439,Daikin,2025,1.4,3,Star Split Inverter,4.2,813.13,111 - 150,1,75990,41,33996
440,Blue Star,2024,0.8,3,Star Split Inverter,4.2,1024.34,90,1,48849,40,25490
441,Voltas,2024,1.0,5,Star Split Inverter,4.0,846.85,90,1,59081,48,32800
442,Godrej,2024,1.5,3,Star Split Inverter,4.1,751.28,111 - 150,1,58100,35,29567
443,Lloyd,2025,1.5,5,Star Split Inverter,4.0,657.31,111 - 150,1,42500,36,42880
444,Hitachi,2023,1.5,3,Star Split Inverter,5.0,966.47,111 - 150,1,63990,41,37039
445,General,2025,1.8,5,Star Window AC,4.2,940.7,151 - 200,1,45900,7,46519
446,IFB,2025,1.5,3,Star Split Inverter,4.3,544.39,111 - 150,1,67990,47,29990
447,Midea,2025,1.5,3,Star Split Inverter,3.8,511.13,111 - 150,1,63100,51,27990
448,CARRIER,2024,2.0,3,Star Window AC,4.2,1006.54,151 - 200,1,50460,35,34950
449,Voltas,2025,1.5,3,Star Split Inverter,4.1,751.65,111 - 150,5,57146,38,29550
450,Voltas,2024,1.0,3,Star Split Inverter,4.3,1024.34,90,1,57400,52,26999
451,Samsung,2025,1.5,5,Star Split Inverter,4.1,877.4391134020618,111 - 150,1,53990,48,40990
452,Blue Star,2025,1.0,3,Star Split Inverter,4.3,1393.7,90,1,47990,40,30150
453,Godrej,2024,1.0,3,Star Window AC,4.0,946.17,90,1,56390,26,26350
454,Godrej,2025,1.0,3,Star Split Inverter,4.1,952.68,90,1,79190,24,26999
455,Lloyd,2025,1.5,3,Star Split Inverter,4.3,1451.45,111 - 150,1,50400,49,31120
456,Voltas,2024,1.5,5,Star Split Inverter,4.2,975.26,111 - 150,1,35990,51,36970
457,IFB,2025,1.0,3,Star Split Inverter,4.0,672.93,90,1,35900,46,25990
458,Voltas,2025,1.5,5,Star Split Inverter,4.2,751.24,111 - 150,1,61990,46,36970
459,Hitachi,2025,1.5,5,Star Split Inverter,4.0,705.48,111 - 150,1,75990,46,40610
460,Blue Star,2024,0.8,3,Star Split Inverter,4.2,772.56,90,1,48849,40,25490
461,Voltas,2024,1.0,5,Star Split Inverter,4.2,752.58,90,1,68990,48,32800
462,Hitachi,2025,1.5,5,Star Split Inverter,4.0,990.77,111 - 150,1,75350,45,40740
463,Lloyd,2023,1.0,3,Star Split AC,4.0,751.28,90,1,42500,41,29200
464,Lloyd,2023,1.5,3,Star Split AC,4.1,657.31,111 - 150,1,63990,47,32800
465,Lloyd,2023,1.0,2,Star Split AC,4.1,750.39,90,1,74100,40,29874
466,IFB,2025,1.5,3,Star Split Inverter,4.2,758.52,111 - 150,1,61300,47,29990
467,Midea,2025,1.5,3,Star Split Inverter,4.3,544.39,111 - 150,1,49990,51,27990
468,Lloyd,2025,1.0,3,Star Split Inverter,4.0,511.13,90,1,62990,41,49999
469,Lloyd,2025,1.0,3,Star Split Inverter,4.0,758.52,90,1,50000,52,28499
470,Voltas,2024,1.0,3,Star Split Inverter,4.1,709.86,90,1,57146,40,26999
471,Blue Star,2025,1.5,5,Star Split Inverter,4.2,1012.53,111 - 150,1,57400,42,40990
472,Voltas,2025,1.0,3,Star Split AC,4.1,744.69,90,1,48990,34,26590
473,Panasonic,2025,1.5,3,Star Split Inverter,4.2,946.17,111 - 150,1,56390,41,37870
474,Hitachi,2025,1.5,5,Star Split Inverter,4.0,952.68,111 - 150,1,69100,42,43850
475,Hitachi,2025,1.5,5,Star Split Inverter,4.0,571.99,111 - 150,5,46000,38,44350
476,Voltas,2025,2.0,3,Star Split Inverter,4.1,644.02,151 - 200,1,57400,46,48999
477,Haier,2025,1.0,3,Star Split Dual,4.1,672.93,90,1,75400,49,28990
478,Haier,2024,1.6,5,Star Split Inverter,4.2,783.33,151 - 200,1,76600,37,41490
479,Hitachi,2025,1.5,5,Star Split Inverter,4.0,877.4391134020618,111 - 150,1,79990,38,43974
480,Voltas,2024,1.5,5,Star Split Inverter,4.2,987.91,111 - 150,1,54500,51,36970
481,IFB,2025,1.0,3,Star Split Inverter,4.0,813.13,90,1,82000,46,25990
482,Voltas,2023,2.0,2,Star Window AC,4.1,823.18,151 - 200,1,70500,31,32990
483,Haier,2025,1.5,3,Star Split Inverter,4.0,1220.59,111 - 150,1,75990,48,33850
484,Godrej,2025,1.5,5,Star Split Inverter,4.0,688.52,111 - 150,1,48849,40,33650
485,Godrej,2025,1.5,5,Star Split Inverter,4.0,836.95,111 - 150,1,47990,44,33650
486,Blue Star,2024,0.8,3,Star Split Inverter,4.2,1540.0,90,1,61300,40,25490
487,Voltas,2024,1.0,5,Star Split Inverter,4.2,751.28,90,1,66000,48,32800
488,Hitachi,2025,1.5,3,Star Window Inverter,4.1,657.31,111 - 150,1,56500,30,28910
489,Hitachi,2025,2.0,3,Star Split Inverter,2.7,1542.79,151 - 200,1,60500,40,43589
490,IFB,2025,1.5,3,Star Split Inverter,4.2,1029.15,111 - 150,5,42500,47,29990
491,Midea,2025,1.5,3,Star Split Inverter,4.3,765.86,111 - 150,1,63990,51,27990
492,Godrej,2024,2.0,3,Star Split Inverter,3.9,765.86,151 - 200,3,41490,26,37990
493,Godrej,2023,1.5,4,Star Split Inverter,4.0,544.39,111 - 150,1,73050,39,30490
494,Lloyd,2024,1.5,5,Star Split Inverter,4.1,511.13,111 - 150,5,57146,47,37350
495,Admiral,2024,2.0,3,Star Split Inverter,2.7,1194.27,151 - 200,1,57400,7,43490
496,Voltas,2024,1.0,3,Star Split Inverter,4.1,946.17,90,1,51990,52,26999
497,Samsung,2025,1.5,5,Star Split Inverter,4.3,952.68,111 - 150,1,49990,48,40990
498,Lloyd,2025,2.0,3,Star Split AC,3.9,1183.2,151 - 200,1,70500,24,52221
499,realme TechLife,2025,1.5,4,Star Split Inverter,4.1,883.14,111 - 150,1,47138,43,29999
500,Blue Star,2025,1.5,5,Star Split Inverter,4.2,714.5,111 - 150,1,56390,40,40990
501,Voltas,2025,2.0,3,Star Split Inverter,4.1,1274.05,151 - 200,1,79190,38,48999
502,LG,2024,1.5,3,Star Hot and,4.1,672.93,111 - 150,1,68990,36,89990
503,Daikin,2023,1.0,5,Star Split Inverter,4.2,751.24,90,1,52999,38,35490
504,Midea,2023,1.0,3,Star Split Inverter,4.3,808.94,90,1,69100,46,27999
505,IFB,2025,1.5,5,Star Split Inverter,4.1,968.61,111 - 150,1,79990,49,38190
506,Voltas,2024,1.5,5,Star Split Inverter,4.2,783.33,111 - 150,1,55500,51,36970
507,IFB,2025,1.0,3,Star Split Inverter,4.0,1220.59,90,1,52190,46,25990
508,Godrej,2025,1.5,3,Star Split Inverter,4.0,1005.66,111 - 150,1,74990,46,32850
509,Blue Star,2024,1.5,3,Star Hot and,4.1,877.4391134020618,111 - 150,1,75990,39,38690
510,Blue Star,2024,0.8,3,Star Split Inverter,4.2,523.54,90,1,48849,40,25490
511,Voltas,2024,1.0,5,Star Split Inverter,4.2,704.46,90,1,61900,48,32800
512,Midea,2023,1.5,5,Star Split Inverter,4.3,721.04,111 - 150,1,63800,44,37990
513,Lloyd,2023,0.8,3,Star Split Inverter,4.1,751.28,90,1,42500,48,24900
514,LG,2025,1.5,5,Star Split Inverter,4.2,657.31,111 - 150,1,63990,34,43490
515,Samsung,2024,1.5,3,Star Split Inverter,4.1,1128.49,111 - 150,1,68990,36,39990
516,IFB,2025,1.5,3,Star Split Inverter,4.2,999.75,111 - 150,1,47990,47,29990
517,Midea,2025,1.5,3,Star Split Inverter,4.3,544.39,111 - 150,1,61300,51,27990
518,TCL,2025,1.5,3,Star Split Inverter,4.1,511.13,111 - 150,1,65986,7,42490
519,Lloyd,2025,1.5,3,Star Split Inverter,4.1,754.05,111 - 150,5,62990,43,34560
520,Voltas,2024,1.0,3,Star Split Inverter,4.1,549.06,90,1,57146,52,26999
521,Samsung,2025,1.5,5,Star Split Inverter,4.3,685.26,111 - 150,1,57400,48,40990
522,Panasonic,2025,1.5,3,Star Split AC,4.2,977.8,111 - 150,1,45991,35,35880
523,CARRIER,2025,1.5,3,Star Split Air,4.2,946.17,111 - 150,1,60800,42,35840
524,Samsung,2025,2.0,3,Star Split Inverter,4.0,952.68,151 - 200,1,56390,45,48999
525,Blue Star,2025,1.5,3,Star Split Inverter,4.1,985.71,111 - 150,1,79190,44,33850
526,Blue Star,2025,1.5,5,Star Split Inverter,4.2,743.96,111 - 150,1,55400,40,40990
527,Voltas,2025,2.0,3,Star Split Inverter,4.1,672.93,151 - 200,1,62500,38,48999
528,CARRIER,2024,1.5,3,Star Window AC,4.3,751.24,111 - 150,1,89490,37,27999
529,Blue Star,2025,1.0,3,Star Split Inverter,4.1,989.31,90,1,61500,43,29290
530,Voltas,2024,1.5,5,Star Split Inverter,4.2,1118.58,111 - 150,1,69100,51,36970
531,Blue Star,2024,0.8,3,Star Split Inverter,4.2,1159.8,90,1,79990,40,25490
532,Haier,2025,1.6,5,Star Split Inverter,4.2,1001.2,151 - 200,1,45090,39,46990
533,Lloyd,2025,1.0,2,Star Window AC,3.9,783.33,111 - 150,1,51750,44,22360
534,Lloyd,2023,1.0,2,Star Window AC,3.9,1220.59,90,1,75990,44,22330
535,ONIDA,2023,1.5,5,Star Split Inverter,4.3,1210.0,90,5,42500,27,36990
536,Voltas,2024,1.0,5,Star Split Inverter,4.2,676.06,111 - 150,1,78200,48,32800
537,Samsung,2025,1.5,3,Star Split Inverter,4.1,751.28,111 - 150,1,39990,53,33991
538,Haier,2025,1.0,3,Star Split Inverter,4.1,544.39,90,1,39990,48,30600
539,Hitachi,2025,1.0,5,Star Split Inverter,4.2,836.95,111 - 150,1,50900,33,37850
540,Voltas,2024,1.0,3,Star Split Inverter,4.1,808.94,90,1,63990,52,26999
541,CARRIER,2025,1.0,5,Star Split Inverter,4.1,808.94,90,1,72790,47,31990
542,Daikin,2024,1.8,3,Star Split Inverter,4.1,779.15,90,1,59490,35,43490
543,Blue Star,2025,1.5,3,Star Split Inverter,4.1,511.13,90,1,56500,43,34350
544,Voltas,2025,1.5,5,Star Split Inverter,4.2,852.47,151 - 200,5,56390,46,36850
545,Samsung,2023,1.5,3,Star Split Inverter,4.1,732.84,111 - 150,5,61300,40,60990
546,Samsung,2025,1.5,3,Star Split Inverter,4.1,534.15,111 - 150,1,67190,46,37491
547,Haier,2025,1.0,3,Star Split Dual,4.1,672.93,111 - 150,5,60500,39,28990
548,Lloyd,2025,1.0,3,Star Split AC,4.0,536.2,111 - 150,1,68990,36,30100
549,Godrej,2024,1.5,3,Star Split Inverter,4.0,1161.78,90,1,63490,38,29599
550,Voltas,2025,2.0,3,Star Split Inverter,4.1,1012.44,90,1,54500,51,48999
551,Midea,2025,1.5,3,Star Split Inverter,4.3,735.4,111 - 150,1,49900,38,27990
552,Godrej,2024,1.7,3,Star Split Inverter,4.4,977.8,151 - 200,1,46900,33,32979
553,TCL,2025,2.0,3,Star Split Inverter,3.6,1047.62,111 - 150,1,61300,7,56490
554,Lloyd,2025,1.5,5,Star Window AC,4.1,688.52,151 - 200,1,79990,38,34000
555,Panasonic,2024,1.0,5,Star Split Inverter,4.2,709.86,151 - 200,1,57400,28,42390
556,Voltas,2024,1.5,5,Star Split Inverter,4.2,980.37,111 - 150,1,49900,51,36970
557,IFB,2025,1.0,3,Star Split Inverter,4.0,1220.59,90,1,60991,46,25990
558,Hitachi,2023,1.0,3,Star Split Inverter,4.0,952.68,111 - 150,1,54990,36,35110
559,Lloyd,2025,1.5,5,Star Split Inverter,4.1,1118.35,90,1,59700,45,37850
560,Blue Star,2024,0.8,3,Star Split Inverter,4.2,1389.92,90,1,75990,40,25490
561,Voltas,2024,1.0,5,Star Split Inverter,4.2,1072.14,111 - 150,1,48849,48,32800
562,Lloyd,2024,1.5,3,Star Split Inverter,4.1,516.33,90,1,55400,55,30490
563,Hitachi,2025,1.5,3,Star Split Inverter,4.0,751.28,90,1,68900,42,35990
564,Haier,2024,1.0,5,Star Split Dual,3.9,657.31,111 - 150,1,42500,50,34039
565,Lloyd,2025,1.5,3,Star Split AC,4.1,669.16,111 - 150,1,63990,35,34330
566,IFB,2025,1.5,3,Star Split Inverter,4.2,752.39,90,1,68990,47,29990
567,Midea,2025,1.5,3,Star Split Inverter,4.3,544.39,111 - 150,1,63100,51,27990
568,Hitachi,2025,2.0,3,Star Split Inverter,4.0,511.13,111 - 150,1,61300,33,53099
569,Haier,2025,1.5,3,Star Split Inverter,4.0,951.47,111 - 150,1,69000,47,34031
570,Voltas,2024,1.0,3,Star Split Inverter,4.1,1012.62,151 - 200,5,52990,52,26999
571,Samsung,2025,1.5,5,Star Split Inverter,4.3,541.48,111 - 150,1,57146,48,40990
572,IFB,2023,1.5,5,Star Split Inverter,4.1,1490.0,90,1,57400,42,37650
573,Haier,2024,1.5,3,Star Split Dual,4.0,946.17,111 - 150,1,80400,53,31350
574,General,2025,1.2,3,Star Window AC,4.5,952.68,111 - 150,1,65000,16,29022
575,Voltas,2024,1.5,3,Star Split Inverter,4.2,1409.41,111 - 150,1,56390,52,31060
576,Voltas,2024,1.5,5,Star Split Inverter,4.2,1029.15,91 - 110,1,79190,51,36970
577,Blue Star,2024,0.8,3,Star Split Inverter,4.2,672.93,111 - 150,1,65600,40,25490
578,Voltas,2025,1.5,3,Star Split AC,4.2,751.24,111 - 150,1,67500,49,33850
579,IFB,2023,2.0,3,Star Split Inverter,4.2,798.18,90,1,34590,40,41950
580,IFB,2025,1.0,3,Star Split Inverter,4.0,1029.15,111 - 150,1,64990,46,25990
581,Voltas,2024,1.0,5,Star Split Inverter,4.2,983.12,151 - 200,1,75990,48,32800
582,Voltas,2024,1.5,3,Star Window AC,4.2,975.26,90,1,42500,36,27499
583,Midea,2025,1.0,5,Star Split Inverter,4.2,751.28,90,1,66990,43,30990
584,IFB,2023,1.5,3,Star Split Inverter,4.2,544.39,111 - 150,1,69990,33,33850
585,Panasonic,2024,1.5,5,Star Split Inverter,4.3,1124.0,90,1,48849,28,47920
586,IFB,2025,1.5,3,Star Split Inverter,4.2,1248.28,111 - 150,5,63990,47,29990
587,Samsung,2025,1.5,3,Star Split Inverter,4.1,657.31,111 - 150,1,42990,53,33991
588,Godrej,2025,1.5,5,Star Split Inverter,4.0,511.13,111 - 150,1,54700,38,34350
589,Hitachi,2023,1.5,5,Star Split Inverter,4.0,4750.0,111 - 150,1,50600,36,42771
590,Midea,2025,1.5,3,Star Split Inverter,4.3,536.2,111 - 150,1,67100,51,27990
591,Voltas,2024,1.0,3,Star Split Inverter,4.1,1005.73,111 - 150,1,57146,52,26999
592,Hitachi,2023,1.5,3,Star Split Inverter,4.0,774.19,111 - 150,1,72790,41,37737
593,Panasonic,2025,1.5,5,Star Split Inverter,4.3,946.17,90,1,55900,33,43950
594,Daikin,2025,1.5,3,Star Split Inverter,4.2,852.47,111 - 150,1,66990,44,33082
595,Daikin,2025,1.4,3,Star Split Inverter,4.1,840.2,111 - 150,1,57400,41,33996
596,CARRIER,2025,1.0,5,Star Split Inverter,4.2,813.13,111 - 150,1,56390,47,31990
597,Blue Star,2025,1.5,5,Star Split Inverter,4.1,952.68,111 - 150,1,64500,40,40990
598,Lloyd,2025,1.5,5,Star Split Inverter,4.0,672.93,90,1,65600,36,42880
599,Godrej,2024,1.5,3,Star Split Inverter,4.2,1024.34,111 - 150,1,59081,35,29567
600,Voltas,2024,1.5,5,Star Split Inverter,4.2,846.85,111 - 150,1,58100,51,36970
601,Blue Star,2024,0.8,3,Star Split Inverter,4.2,966.47,111 - 150,1,61300,40,25490
602,Voltas,2025,1.5,5,Star Split Inverter,4.2,940.7,111 - 150,1,69100,46,36970
603,CARRIER,2025,1.0,3,Star Window AC,4.2,536.2,90,1,67990,33,24950
604,Godrej,2025,1.5,3,Star Split Inverter,4.0,783.33,111 - 150,1,45900,32,29599
605,Lloyd,2025,1.0,5,Star Split Inverter,4.0,751.65,90,1,75990,36,31999
606,Voltas,2024,1.0,5,Star Split Inverter,4.2,1006.54,111 - 150,5,42500,48,32800
607,Samsung,2025,1.5,3,Star Split Inverter,4.1,751.28,90,1,68990,53,33991
608,Voltas,2023,1.5,5,Star Split Inverter,4.2,544.39,90,5,37590,52,36350
609,Godrej,2023,1.5,3,Star Split Inverter,4.0,750.39,111 - 150,1,43900,34,29599
610,Voltas,2024,1.0,3,Star Split Inverter,4.1,1120.0,111 - 150,1,50000,52,26999
611,CARRIER,2025,1.0,5,Star Split Inverter,4.1,1046.29,111 - 150,1,61300,47,31990
612,Panasonic,2023,2.0,3,Star Split Inverter,4.2,587.66,90,1,63990,24,57990
613,Hitachi,2025,1.8,4,Star Split Inverter,3.1,511.13,90,1,72790,34,56499
614,Hitachi,2025,1.5,5,Star Split Inverter,4.0,852.47,151 - 200,1,75990,46,40610
615,Hitachi,2025,1.5,5,Star Split Inverter,4.0,750.39,151 - 200,5,45400,45,40740
616,Samsung,2025,1.5,3,Star Split Inverter,4.1,965.71,111 - 150,5,61300,40,37491
617,Haier,2025,1.0,3,Star Split Dual,4.1,672.93,111 - 150,1,56390,46,28990
618,General,2025,1.5,5,Star Split Inverter,4.1,536.2,111 - 150,1,61300,12,61996
619,General,2025,1.5,5,Star Split Inverter,4.1,1170.01,90,1,76900,9,63989
620,Voltas,2025,2.0,3,Star Split Inverter,4.1,1084.82,111 - 150,1,86900,38,48999
621,Midea,2025,1.5,3,Star Split Inverter,4.3,758.52,111 - 150,1,75350,51,27990
622,Lloyd,2023,1.0,3,Star Split AC,4.0,758.52,151 - 200,1,74100,41,29200
623,Lloyd,2025,1.0,3,Star Split Inverter,4.0,1047.62,111 - 150,1,63490,38,49999
624,Lloyd,2025,1.5,5,Star Split Inverter,4.1,688.52,90,1,54500,46,37650
625,Hitachi,2025,1.5,5,Star Split Inverter,4.0,1453.77,90,1,70530,37,43974
626,CARRIER,2025,1.0,5,Star Split Inverter,4.1,794.0,111 - 150,1,70500,47,31990
627,Voltas,2024,1.5,5,Star Split Inverter,4.2,1220.59,111 - 150,1,79990,51,36970
628,Haier,2024,1.6,5,Star Split Inverter,4.2,952.68,90,1,57400,49,41490
629,Haier,2023,1.0,3,Star Split Inverter,4.1,709.86,111 - 150,1,49990,50,30560
630,Blue Star,2024,0.8,3,Star Split Inverter,4.2,571.99,151 - 200,1,70500,40,25490
631,Voltas,2024,1.0,5,Star Split Inverter,4.2,895.23,90,1,70500,48,32800
632,CARRIER,2025,1.5,5,Star Split Inverter,4.2,1540.0,90,1,61300,42,40850
633,Panasonic,2025,2.0,5,Star Split Inverter,4.4,536.2,90,1,75990,28,62989
634,Hitachi,2025,1.5,3,Star Split Inverter,4.0,751.28,111 - 150,1,82000,40,38719
635,Panasonic,2025,2.0,5,Star Split Inverter,4.4,836.95,151 - 200,1,61490,30,57570
636,Samsung,2025,1.5,3,Star Split Inverter,4.1,694.49,111 - 150,5,42500,53,33991
637,Voltas,2024,1.0,3,Star Split Inverter,4.1,544.39,151 - 200,1,63990,52,26999
638,Haier,2023,1.5,3,Star Split Inverter,4.0,511.13,111 - 150,1,70500,50,33650
639,InnoQ,2025,1.5,3,Star Split Inverter,4.0,877.4391134020618,90,1,87900,58,25990
640,Samsung,2025,1.5,3,Star Split Inverter,4.1,789.6,111 - 150,5,65200,40,37491
641,Haier,2025,1.0,3,Star Split Dual,4.1,908.9,111 - 150,5,83400,46,28990
642,Panasonic,2025,2.0,3,Star Split Inverter,4.2,1012.62,111 - 150,1,72790,33,53450
643,Hitachi,2023,1.5,5,Star Split Inverter,4.0,877.4391134020618,90,1,56390,45,43798
644,Voltas,2025,1.5,3,Star Split Inverter,4.2,908.9,151 - 200,1,67490,46,32950
645,Voltas,2023,1.5,3,Star Split Inverter,4.2,852.47,111 - 150,1,62990,47,32850
646,Voltas,2025,2.0,3,Star Split Inverter,4.1,672.93,111 - 150,1,63490,38,48999
647,Midea,2025,1.5,3,Star Split Inverter,4.3,1020.54,111 - 150,1,54500,51,27990
648,Daikin,2025,1.5,5,Star Split Inverter,4.2,1000.34,151 - 200,1,80500,21,43450
649,Panasonic,2025,1.5,3,Star Split Inverter,4.2,877.4391134020618,111 - 150,1,80500,41,32980
650,Voltas,2024,1.5,5,Star Split Inverter,4.2,1047.62,111 - 150,1,61999,51,36970
651,Blue Star,2024,0.8,3,Star Split Inverter,4.2,688.52,111 - 150,1,62990,40,25490
652,Acerpure,2025,1.5,5,Star Split Inverter,3.2,1170.64,111 - 150,1,79990,41,29299
653,Daikin,2025,1.5,5,Star Split Inverter,4.2,813.13,90,1,57400,31,43450
654,Samsung,2024,2.0,3,Star Split Inverter,4.0,1052.15,111 - 150,1,55400,39,50990
655,Haier,2025,1.6,5,Star Split Inverter,4.2,975.26,111 - 150,1,56400,40,47890
656,IFB,2025,1.0,3,Star Split Inverter,4.0,1220.59,151 - 200,1,75990,46,25990
657,Voltas,2024,1.0,5,Star Split Inverter,4.2,952.68,151 - 200,1,42500,48,32800
658,Voltas,2025,1.5,5,Star Split Inverter,4.2,1415.0,90,1,49699,51,37850
659,Voltas,2025,1.5,5,Star Split AC,4.2,987.68,90,1,63000,51,36790
660,IFB,2025,1.5,3,Star Split Inverter,4.2,751.28,111 - 150,1,83990,47,29990
661,Samsung,2025,1.5,3,Star Split Inverter,4.1,544.39,111 - 150,1,80100,53,33991
662,Hitachi,2025,1.5,3,Star Split AC,4.0,1280.0,111 - 150,5,48849,26,37150
663,LG,2023,1.5,5,Star Split Dual,4.2,744.0,111 - 150,1,63990,42,52990
664,Panasonic,2025,1.0,3,Star Split Inverter,4.2,1145.22,111 - 150,1,77900,40,29290
665,Hitachi,2025,1.0,3,Star Window AC,4.3,836.95,111 - 150,1,75990,21,25749
666,Midea,2025,1.5,3,Star Split Inverter,4.3,657.31,90,1,57146,51,27990
667,Voltas,2024,1.0,3,Star Split Inverter,4.1,511.13,90,1,72790,52,26999
668,LG,2025,1.5,5,Star Split Inverter,4.2,759.07,111 - 150,1,50600,46,43450
669,Godrej,2025,1.0,5,Star Split Dual,4.0,759.07,90,1,91990,37,29990
670,CARRIER,2025,1.0,5,Star Split Inverter,4.1,946.17,111 - 150,1,49600,47,31990
671,Blue Star,2025,1.5,5,Star Split Inverter,4.2,852.47,90,1,32990,40,40990
672,Godrej,2024,1.5,3,Star Split Inverter,4.0,1703.04,90,1,57400,53,30950
673,Lloyd,2025,1.5,5,Star Split Inverter,4.1,744.99,111 - 150,1,56390,26,64490
674,Lloyd,2025,1.5,5,Star Split Inverter,4.1,667.91,111 - 150,1,80500,30,58090
675,General,2025,2.0,3,Star Split Inverter,3.4,921.0,111 - 150,1,48000,9,59820
676,Voltas,2024,1.5,5,Star Split Inverter,4.2,952.68,111 - 150,1,61300,51,36970
677,IFB,2025,1.0,3,Star Split Inverter,4.0,672.93,151 - 200,1,69100,46,25990
678,Panasonic,2024,1.5,3,Star Split AC,4.2,818.81,111 - 150,1,65900,7,49335
679,Voltas,2025,1.5,5,Star Split Inverter,4.2,584.46,90,1,87990,46,36730
680,Blue Star,2024,0.8,3,Star Split Inverter,4.2,536.2,111 - 150,1,83490,40,25490
681,Voltas,2024,1.0,5,Star Split Inverter,4.2,783.33,111 - 150,1,65990,48,32800
682,Lloyd,2023,1.5,2,Star Split AC,4.2,953.37,90,1,75990,30,59990
683,Voltas,2025,1.5,3,Star Split Inverter,4.2,773.58,90,1,48849,23,34990
684,Blue Star,2025,2.0,3,Star Split AC,4.0,774.22,111 - 150,1,53400,47,48490
685,LG,2023,1.5,5,Star Split Inverter,4.2,1383.08,111 - 150,1,68900,51,84999
686,IFB,2025,1.5,3,Star Split Inverter,4.2,751.28,151 - 200,1,42500,58,29990
687,Midea,2025,1.5,3,Star Split Inverter,4.3,657.31,111 - 150,1,63990,36,27990
688,Voltas,2025,1.5,3,Star Split Inverter,4.2,989.31,111 - 150,1,50000,52,32650
689,Panasonic,2024,1.5,5,Star Split Inverter,4.3,750.39,111 - 150,1,63000,48,42850
690,Voltas,2024,1.0,3,Star Split Inverter,4.1,544.39,111 - 150,1,57146,36,26999
691,Samsung,2025,1.5,5,Star Split Inverter,4.3,511.13,111 - 150,1,57400,24,40990
692,BPL,2025,1.5,3,Star Split Inverter,4.7,1114.71,90,1,78500,41,28360
693,Voltas,2025,1.5,5,Star Split AC,4.2,1590.0,111 - 150,5,67500,25,38350
694,Blue Star,2025,1.5,5,Star Split Inverter,4.2,1250.18,111 - 150,1,56390,51,40900
695,Whirlpool,2025,1.0,3,Star Split Inverter,4.1,685.26,111 - 150,1,79190,41,30104
696,Voltas,2024,1.5,5,Star Split Inverter,4.2,946.17,111 - 150,1,44990,51,36970
697,IFB,2025,1.0,3,Star Split Inverter,4.0,952.68,90,1,50600,46,25990
698,Voltas,2025,1.5,5,Star Split Inverter,4.2,1220.59,111 - 150,1,70500,49,37950
699,LG,2023,1.5,4,Star Split Dual,4.1,774.19,90,1,40500,55,42504
700,Blue Star,2024,0.8,3,Star Split Inverter,4.2,672.93,111 - 150,1,75990,40,25490
701,Voltas,2024,1.0,5,Star Split Inverter,4.2,751.24,111 - 150,1,48849,48,32800
702,LG,2023,1.5,5,Star Split Inverter,4.2,947.77,90,1,75400,47,39990
703,LG,2025,1.5,5,Star Split Dual,4.2,877.4391134020618,90,1,95990,35,42650
704,General,2025,1.5,3,Star Window AC,4.0,783.33,111 - 150,1,42500,18,40969
705,Hitachi,2023,1.0,2,Star Window AC,4.2,652.12,111 - 150,1,63990,15,24540
706,IFB,2025,1.5,3,Star Split Inverter,4.3,751.28,111 - 150,1,75990,47,29990
707,Midea,2025,1.5,3,Star Split Inverter,4.2,657.31,90,1,66500,51,27990
708,Voltas,2024,1.0,3,Star Window AC,4.1,892.32,111 - 150,1,50000,35,25890
709,Haier,2025,1.0,3,Star Split AC,4.1,838.5,111 - 150,1,28990,52,54491
710,Voltas,2024,1.0,3,Star Split Inverter,4.3,544.39,90,1,57146,48,26999
711,Samsung,2025,1.5,5,Star Split Inverter,3.8,511.13,90,1,57400,27,40990
712,Blue Star,2024,2.0,3,Star Window AC,4.0,685.26,90,1,39990,25,34939
713,Daikin,2025,1.8,5,Star Split Inverter,3.8,835.5,111 - 150,5,56390,46,62167
714,Frigidaire,2023,1.5,3,Star Split Inverter,4.2,1315.98,151 - 200,1,79190,17,30999
715,General,2025,1.5,3,Star Window AC,4.1,921.0,111 - 150,1,48000,40,37499
716,Blue Star,2025,1.5,5,Star Split Inverter,4.3,946.17,151 - 200,1,83990,38,40990
717,Voltas,2025,2.0,3,Star Split Inverter,4.2,952.68,111 - 150,1,57980,36,48999
718,CARRIER,2025,1.5,3,Star Window AC,4.1,3100.0,111 - 150,1,45260,9,28590
719,Daikin,2025,2.2,4,Star Split Inverter,5.0,752.43,111 - 150,1,69100,38,67699
720,Voltas,2024,1.5,5,Star Split Inverter,4.2,672.93,151 - 200,1,79990,51,36970
721,IFB,2025,1.0,3,Star Split Inverter,4.0,751.24,111 - 150,1,45000,46,25990
722,Whirlpool,2025,1.5,3,Star Split Inverter,4.1,1435.97,111 - 150,1,74600,55,29200
723,IFB,2025,1.5,5,Star Split Inverter,4.1,923.07,90,1,75990,33,37950
724,LG,2025,1.5,5,Star Split Dual,4.2,1000.34,111 - 150,1,48849,42,43540
725,LG,2025,1.5,5,Star Split Dual,4.2,1315.98,111 - 150,1,65400,37,43850
726,Blue Star,2024,0.8,3,Star Split Inverter,4.2,783.33,111 - 150,1,57460,40,25490
727,Voltas,2024,1.0,5,Star Split Inverter,4.2,1220.59,111 - 150,1,75400,48,32800
728,IFB,2025,1.5,3,Star Split Inverter,4.2,1206.06,90,1,70500,39,33850
729,Hitachi,2025,1.5,5,Star Window Inverter,4.1,928.0,90,1,42500,31,34290
730,IFB,2025,1.5,3,Star Split Inverter,4.2,751.28,111 - 150,1,63990,47,29990
731,Midea,2025,1.5,3,Star Split Inverter,4.3,657.31,111 - 150,1,55600,51,27990
732,Blue Star,2025,2.0,5,Star Split Inverter,4.1,877.4391134020618,111 - 150,1,49990,38,52554
733,Haier,2023,1.5,3,Star Split Inverter,4.0,867.16,111 - 150,1,57146,49,33650
734,CARRIER,2024,1.0,3,Star Split Inverter,4.2,921.0,151 - 200,1,57400,50,28519
735,Blue Star,2025,1.0,5,Star Split Inverter,4.1,818.81,111 - 150,1,85000,34,38650
736,Voltas,2024,1.0,3,Star Split Inverter,4.1,544.39,90,1,66490,52,26999
737,Samsung,2025,1.5,5,Star Split Inverter,4.3,511.13,90,1,58199,48,40990
738,Panasonic,2025,1.5,3,Star Split Inverter,4.2,1088.64,90,1,58999,41,37420
739,Lloyd,2025,1.0,3,Star Split Inverter,4.0,1069.33,111 - 150,1,56390,42,29547
740,Blue Star,2025,1.5,5,Star Split Inverter,4.2,946.17,111 - 150,5,79190,40,40990
741,Voltas,2025,2.0,3,Star Split Inverter,4.1,952.68,90,1,63900,38,48999
742,Lloyd,2025,1.0,3,Star Split Inverter,4.0,935.89,111 - 150,1,50990,45,27240
743,ONIDA,2023,1.5,3,Star Split Inverter,4.1,1020.54,151 - 200,1,69100,34,29431
744,IFB,2025,2.0,3,Star Split Inverter,4.2,694.06,90,1,79990,18,48650
745,Daikin,2025,1.8,3,Star Split Inverter,4.1,600.91,111 - 150,1,49990,10,63050
746,Voltas,2024,1.5,5,Star Split Inverter,4.2,672.93,151 - 200,1,45233,51,36970
747,IFB,2025,1.0,3,Star Split Inverter,4.0,751.24,151 - 200,1,59590,46,25990
748,Godrej,2023,1.0,5,Star Split Inverter,4.0,987.11,111 - 150,1,70500,38,29990
749,Samsung,2025,1.5,5,Star Split Inverter,4.3,698.49,90,1,75990,17,45309
750,Blue Star,2024,0.8,3,Star Split Inverter,4.2,783.33,90,1,48849,40,25490
751,Voltas,2024,1.0,5,Star Split Inverter,4.2,1220.59,111 - 150,5,48900,48,32800
752,Samsung,2025,1.5,5,Star Split Inverter,4.3,700.06,90,1,54990,25,45309
753,TOSHIBA,2025,1.8,5,Star Split Inverter,4.0,969.15,90,1,42500,29,52416
754,TOSHIBA,2025,1.0,5,Star Split Inverter,4.0,1233.96,111 - 150,1,63990,22,39000
755,Voltas,2025,1.5,3,Star Split Inverter,3.6,1202.77,151 - 200,1,60990,48,32850
756,IFB,2025,1.5,3,Star Split Inverter,4.2,751.28,90,1,74100,47,29990
757,Midea,2025,1.5,3,Star Split Inverter,4.3,657.31,111 - 150,1,50000,51,27990
758,Hitachi,2025,1.5,3,Star Split Inverter,4.0,524.03,111 - 150,1,63500,37,38058
759,DECKER,2025,1.5,3,Star Split Inverter,4.1,863.15,111 - 150,1,57146,30,38999
760,Voltas,2024,1.0,3,Star Split Inverter,4.3,544.39,111 - 150,1,57400,52,26999
761,Samsung,2025,1.5,5,Star Split Inverter,4.2,511.13,111 - 150,1,60500,48,40990
762,Blue Star,2025,1.5,5,Star Split Inverter,4.8,863.15,90,1,55999,37,60000
763,Daikin,2025,1.5,3,Star Split Inverter,4.2,996.24,111 - 150,1,56390,34,36469
764,Daikin,2025,1.0,5,Star Split Inverter,4.2,618.45,111 - 150,5,79190,49,35599
765,Voltas,2025,1.5,5,Star Split Inverter,4.2,946.17,111 - 150,1,58400,40,37650
766,Blue Star,2025,1.5,5,Star Split Inverter,4.1,952.68,90,1,54200,38,40990
767,Voltas,2025,2.0,3,Star Split Inverter,4.2,1730.0,111 - 150,1,75200,34,48999
768,Godrej,2025,2.0,3,Star Split Inverter,3.9,1011.43,111 - 150,1,69100,24,47990
769,Daikin,2025,1.0,5,Star Split Inverter,4.2,672.93,151 - 200,1,79990,35,35880
770,Voltas,2025,1.5,5,Star Split Inverter,4.2,751.24,151 - 200,1,63600,49,37970
771,Haier,2023,1.6,3,Star Split Powerful,4.1,774.88,90,1,55500,43,34200
772,IFB,2024,1.5,5,Star Split Inverter,4.1,523.54,111 - 150,1,75000,50,37450
773,Godrej,2025,1.5,3,Star Split Inverter,4.0,892.32,151 - 200,1,60700,38,30242
774,Hitachi,2025,1.5,3,Star Split Inverter,4.0,783.33,111 - 150,1,74990,32,38879
775,Panasonic,2024,2.0,3,Star Split Inverter,4.2,1220.59,111 - 150,1,48900,7,62241
776,TOSHIBA,2025,1.5,5,Star Split Inverter,1.3,916.68,111 - 150,1,57900,19,50000
777,TOSHIBA,2025,1.5,5,Star Split Inverter,1.3,523.54,151 - 200,1,67400,20,56990
778,Blue Star,2025,1.5,5,Star Split Inverter,4.2,1490.0,111 - 150,1,62000,46,39499
779,General,2025,2.0,4,Star Split Inverter,4.2,1350.0,111 - 150,1,71280,13,83990
780,LG,2023,1.5,5,Star Split Inverter,4.2,706.85,111 - 150,1,74000,42,43450
781,Daikin,2025,1.5,3,Star Split AC,2.3,980.37,151 - 200,1,96840,31,37900
782,Electrolux,2025,1.0,5,Star Split Inverter,4.2,1012.3,111 - 150,1,75990,43,35760
783,IFB,2024,1.5,3,Star Split Inverter,4.0,1195.22,111 - 150,1,55600,52,30049
784,Godrej,2025,1.5,3,Star Window AC,4.2,851.2,90,1,62990,38,25720
785,Voltas,2025,1.5,3,Star Window AC,4.2,704.35,111 - 150,1,63490,35,27690
786,CARRIER,2023,1.0,3,Star Split AI,4.2,773.75,111 - 150,1,41900,41,32850
787,Panasonic,2025,1.0,5,Star Split Inverter,3.8,1206.45,111 - 150,1,42990,34,40560
788,Hitachi,2025,2.0,2,Star Split AC,4.3,685.26,90,1,56000,40,43579
789,Midea,2025,1.0,3,Star Split Inverter,4.2,989.31,90,1,61900,39,30499
790,LG,2023,1.5,5,Star Split Inverter,4.1,518.39,151 - 200,1,73050,39,49990
791,IFB,2024,1.5,5,Star Split Inverter,4.0,991.28,90,1,50190,50,35549
792,IFB,2024,2.0,3,Star Split Inverter,4.2,1203.74,111 - 150,1,81990,26,48340
793,Hitachi,2023,2.0,3,Star Split Inverter,4.0,1191.35,111 - 150,1,71990,36,51999
794,CARRIER,2025,1.5,3,Star Window Inverter,4.3,704.46,151 - 200,1,65400,7,43969
795,Whirlpool,2025,1.5,3,Star Split Inverter,4.1,523.98,151 - 200,1,81850,54,29430
796,Voltas,2024,1.5,5,Star Split Inverter,4.2,1310.56,111 - 150,1,47590,51,36970
797,Blue Star,2024,0.8,3,Star Split Inverter,4.2,736.57,111 - 150,1,64600,40,25490
798,Hitachi,2023,1.5,3,Star Split Inverter,4.0,685.26,111 - 150,1,75990,41,37090
799,LG,2023,1.0,5,Star Split Inverter,4.2,706.85,90,1,42500,53,75999
800,Samsung,2025,1.5,3,Star Split Inverter,4.1,1248.28,111 - 150,1,63100,47,33991
801,CARRIER,2025,1.0,5,Star Split Inverter,4.1,1397.61,90,1,72790,47,31990
802,Blue Star,2024,1.5,5,Star Split Inverter,4.2,1210.35,111 - 150,5,61300,43,39840
803,Lloyd,2023,1.2,3,Star Split Inverter,4.2,989.55,90,1,75400,33,31188
804,Voltas,2024,1.5,5,Star Window Inverter,4.3,751.28,111 - 150,1,54990,43,33499
805,Blue Star,2025,1.5,5,Star Split Inverter,4.2,544.39,91 - 110,1,49999,40,39850
806,Samsung,2025,1.5,3,Star Split Inverter,4.1,1024.34,111 - 150,1,70000,48,37491
807,Voltas,2024,1.0,5,Star Split Inverter,4.2,521.2,111 - 150,1,63490,46,32800
808,Blue Star,2024,1.5,5,Star Split Inverter,4.2,852.47,111 - 150,1,63990,42,39880
809,Lloyd,2023,1.5,5,Star Split Inverter,4.1,536.2,90,5,74250,48,39990
810,Samsung,2025,2.0,3,Star Split Inverter,4.0,774.88,111 - 150,1,69323,46,45880
811,Haier,2025,1.0,3,Star Split Dual,4.1,854.42,111 - 150,1,89490,34,28990
812,Godrej,2025,1.5,3,Star Split Inverter,4.2,5050.0,151 - 200,1,54500,38,29900
813,CARRIER,2025,2.0,3,Star Split Inverter,4.2,857.36,90,5,45900,46,48650
814,Voltas,2025,1.5,5,Star Split Inverter,4.2,1047.62,111 - 150,5,78500,35,37650
815,Blue Star,2023,1.5,5,Star Split Inverter,4.1,511.13,151 - 200,1,70990,47,39850
816,Voltas,2024,1.5,5,Star Split Inverter,4.2,774.88,111 - 150,1,61500,51,36970
817,Blue Star,2024,0.8,3,Star Split Inverter,4.2,794.34,111 - 150,1,75990,40,25490
818,Voltas,2025,1.5,3,Star Split Inverter,4.2,2000.0,111 - 150,1,42500,48,36410
819,Blue Star,2025,1.0,3,Star Split Inverter,4.1,688.52,90,1,70990,32,34050
820,IFB,2025,1.0,3,Star Split Inverter,4.0,1257.12,111 - 150,1,50400,46,25990
821,Voltas,2024,1.0,5,Star Split Inverter,4.2,892.9,90,1,48849,48,32800
822,Panasonic,2025,1.5,5,Star Split Inverter,4.3,774.88,90,1,63990,41,40570
823,Daikin,2024,0.9,3,Star Split AC,4.0,751.28,90,1,68900,32,25490
824,Blue Star,2025,1.0,5,Star Split Inverter,4.1,544.39,111 - 150,1,37490,36,38250
825,CARRIER,2025,1.5,5,Star Split Inverter,4.2,1037.79,90,1,60500,47,39850
826,IFB,2025,1.5,3,Star Split Inverter,4.2,705.78,90,1,76090,47,29990
827,Samsung,2025,1.5,3,Star Split Inverter,4.1,657.31,111 - 150,1,57146,53,33991
828,Voltas,2025,1.5,5,Star Split Inverter,4.2,511.13,111 - 150,1,72790,49,37850
829,Lloyd,2025,1.5,3,Star Split AC,4.1,759.55,111 - 150,5,74990,45,34677
830,Midea,2025,1.5,3,Star Split Inverter,4.3,574.39,111 - 150,1,63490,51,27990
831,Voltas,2024,1.0,3,Star Split Inverter,4.1,517.12,111 - 150,1,57400,52,26999
832,Blue Star,2025,2.0,3,Star Split Inverter,4.0,754.05,111 - 150,1,56390,39,43980
833,Electrolux,2025,1.0,5,Star Split Inverter,2.3,946.17,90,1,72200,43,35760
834,CARRIER,2025,1.5,3,Star Split Inverter,4.2,852.47,151 - 200,1,62990,51,33950
835,Panasonic,2025,1.0,3,Star Split Inverter,4.2,892.9,90,1,69500,36,31070
836,CARRIER,2025,1.0,5,Star Split Inverter,4.1,1012.53,111 - 150,1,49100,47,31990
837,Blue Star,2025,1.5,5,Star Split Inverter,4.2,952.68,90,1,61300,40,40990
838,Hitachi,2025,2.0,2,Star Split AC,3.8,672.93,90,1,69100,40,43579
839,Blue Star,2025,1.5,3,Star Split Inverter,4.1,1261.37,111 - 150,1,73050,44,34150
840,Voltas,2024,1.5,5,Star Split Inverter,4.2,518.39,151 - 200,1,61500,51,36970
841,Blue Star,2024,0.8,3,Star Split Inverter,4.2,964.1,111 - 150,1,75990,40,25490
842,CARRIER,2025,1.5,3,Star Split AC,4.2,667.91,111 - 150,1,42500,25,46500
843,LG,2025,1.5,5,Star Split AI,4.2,536.2,90,1,62671,47,41490
844,Lloyd,2025,1.0,5,Star Split Inverter,4.0,783.33,111 - 150,1,78990,44,32299
845,Samsung,2025,1.5,5,Star Split Inverter,4.3,1310.56,111 - 150,1,57990,48,40899
846,Voltas,2024,1.0,5,Star Split Inverter,4.2,998.07,90,1,79190,48,32800
847,Samsung,2025,1.5,3,Star Split Inverter,4.1,751.28,111 - 150,1,63990,53,33991
848,Samsung,2024,1.5,5,Star Split Inverter,4.3,544.39,90,1,72790,45,44444
849,Lloyd,2025,1.5,3,Star Split Inverter,4.1,1118.0,111 - 150,1,81990,44,36490
850,Voltas,2024,1.0,3,Star Split Inverter,4.1,744.75,111 - 150,1,66000,52,26999
851,CARRIER,2025,1.0,5,Star Split Inverter,4.1,533.89,111 - 150,5,56390,47,31990
852,Daikin,2024,1.5,5,Star Split Inverter,4.2,1290.0,90,1,61300,34,43999
853,Daikin,2023,1.8,3,Star Split Inverter,4.1,511.13,90,1,67200,24,55000
854,Voltas,2023,1.5,3,Star Split Inverter,4.2,852.47,111 - 150,1,72900,51,32999
855,General,2025,2.0,3,Star Split Inverter,4.1,1290.0,151 - 200,1,68000,6,72990
856,Samsung,2025,1.5,3,Star Split Inverter,4.1,999.69,111 - 150,1,77900,40,37491
857,Haier,2025,1.0,3,Star Split Dual,4.1,672.93,151 - 200,1,63490,46,28990
858,Daikin,2025,1.8,3,Star Split Inverter,4.2,536.2,111 - 150,1,54500,24,48490
859,Hitachi,2023,1.0,5,Star Split Inverter,4.1,785.99,90,1,64600,39,38499
860,Voltas,2025,2.0,3,Star Split Inverter,4.3,1161.78,151 - 200,5,63350,38,48999
861,Midea,2025,1.5,3,Star Split Inverter,4.2,1037.23,90,5,79990,51,27990
862,Blue Star,2025,1.5,3,Star Window AC,4.0,1432.1,151 - 200,1,57400,25,29499
863,Lloyd,2025,1.0,5,Star Split Inverter,4.2,1047.62,111 - 150,1,39500,51,31999
864,CARRIER,2025,1.0,3,Star Split Inverter,4.2,688.52,111 - 150,1,65990,29,32450
865,Haier,2023,1.5,2,Star Split Extreme,4.2,1255.0,90,1,45999,29,42200
866,Voltas,2024,1.5,5,Star Split Inverter,4.2,533.61,90,1,60158,51,36970
867,IFB,2025,1.0,3,Star Split Inverter,4.0,1220.59,111 - 150,1,75990,46,25990
868,Acerpure,2025,1.5,3,Star Split Inverter,4.2,952.68,111 - 150,1,48849,41,26499
869,Blue Star,2023,1.5,5,Star Split Inverter,4.2,1180.51,90,1,45090,46,39850
870,Blue Star,2024,0.8,3,Star Split Inverter,4.2,1595.0,111 - 150,1,74500,40,25490
871,Voltas,2024,1.0,5,Star Split Inverter,4.2,1123.23,111 - 150,1,42500,48,32800
872,Lloyd,2025,1.5,4,Star Window AC,4.0,751.28,90,1,63990,42,29410
873,IFB,2025,1.0,5,Star Split Inverter,3.1,657.31,90,1,50990,44,36150
874,Hitachi,2023,1.8,4,Star Split Inverter,3.1,1590.0,111 - 150,1,64900,39,57999
875,Hitachi,2023,1.8,4,Star Split Inverter,4.2,770.98,90,1,95700,39,57999
876,IFB,2025,1.5,3,Star Split Inverter,4.3,544.39,151 - 200,1,96450,47,29990
877,Midea,2025,1.5,3,Star Split Inverter,4.1,511.13,151 - 200,1,57146,51,27990
878,Lloyd,2025,1.5,5,Star Split AC,4.1,1114.71,111 - 150,1,57400,45,38750
879,LG,2025,1.5,3,Star Split Inverter,4.1,531.63,111 - 150,1,70500,42,34350
880,Voltas,2024,1.0,3,Star Split Inverter,4.3,1096.51,111 - 150,1,59990,52,26999
881,Samsung,2025,1.5,5,Star Split Inverter,4.1,1096.51,111 - 150,1,56390,48,40990
882,Whirlpool,2025,1.5,3,Star Split Inverter,4.2,946.17,90,1,79190,50,30537
883,Daikin,2025,1.5,3,Star Split Inverter,4.2,952.68,111 - 150,1,62000,60,33610
884,LG,2024,1.5,5,Star Split Dual,3.9,794.34,111 - 150,5,85400,51,41936
885,Haier,2024,1.5,3,Star Window with,4.2,2250.0,111 - 150,1,85990,43,26799
886,Blue Star,2025,1.5,5,Star Split Inverter,4.1,672.93,111 - 150,1,47400,40,40990
887,Voltas,2025,2.0,3,Star Split Inverter,4.1,751.24,111 - 150,1,69100,38,48999
888,Godrej,2025,2.0,3,Star Cassette Inverter,4.0,1088.62,111 - 150,1,79990,39,65850
889,Godrej,2024,1.5,3,Star Hot and,4.2,966.47,151 - 200,1,109000,39,33699
890,Voltas,2024,1.5,5,Star Split Inverter,4.0,744.54,151 - 200,1,55900,51,36970
891,IFB,2025,1.0,3,Star Split Inverter,4.2,1203.74,111 - 150,1,75990,46,25990
892,CARRIER,2024,2.0,5,Star Split Inverter,4.2,783.33,111 - 150,5,48849,45,49999
893,Voltas,2025,1.5,3,Star Split Inverter,3.9,1220.59,90,1,91600,46,32950
894,Daikin,2025,2.02,3,Star Split Inverter,3.2,1276.27,151 - 200,1,61990,29,60999
895,Equator,2025,0.75,3,Star Split Inverter,4.2,905.41,111 - 150,1,86700,10,44990
896,Blue Star,2024,0.8,3,Star Split Inverter,4.2,751.28,90,1,49990,40,25490
897,Voltas,2024,1.0,5,Star Split Inverter,4.2,657.31,90,1,42500,48,32800
898,Voltas,2025,1.5,3,Star Split Inverter,4.1,920.55,90,1,63990,40,32850
899,Lloyd,2025,1.5,3,Star Split Inverter,4.2,1685.0,111 - 150,1,55600,44,31320
900,IFB,2025,1.5,3,Star Split Inverter,4.3,1372.85,111 - 150,1,55990,47,29990
901,Midea,2025,1.5,3,Star Split Inverter,4.0,544.39,111 - 150,1,57146,51,27990
902,Lloyd,2025,1.0,5,Star Split Inverter,4.1,511.13,111 - 150,1,57400,51,31999
903,Blue Star,2023,1.5,3,Star Split Inverter,4.2,1039.98,90,1,65990,45,33940
904,CARRIER,2025,1.0,3,Star Split Inverter,4.1,990.77,111 - 150,1,62500,37,31250
905,Blue Star,2025,1.0,5,Star Split Inverter,4.1,946.17,90,1,50400,36,39990
906,Voltas,2024,1.0,3,Star Split Inverter,4.3,952.68,90,5,63000,52,26999
907,Samsung,2025,1.5,5,Star Split Inverter,4.0,1002.84,90,1,56390,48,40990
908,Godrej,2025,1.0,5,Star Split Inverter,4.2,685.62,111 - 150,1,79190,34,36455
909,CARRIER,2023,2.0,3,Star Split AI,4.2,517.83,90,5,55400,39,48650
910,Blue Star,2025,1.5,5,Star Split Inverter,4.1,672.93,151 - 200,1,80900,40,40990
911,Voltas,2025,2.0,3,Star Split Inverter,4.1,751.24,111 - 150,1,69100,38,48999
912,Daikin,2025,2.02,3,Star Split Inverter,3.9,611.29,151 - 200,1,79990,29,60990
913,Panasonic,2025,1.5,3,Star Split Inverter,4.2,1249.82,111 - 150,1,86800,35,36470
914,Haier,2024,1.0,3,Star Window with,4.1,783.33,90,1,56400,45,23199
915,Hisense,2024,1.5,5,Star Split Inverter,4.2,1220.59,111 - 150,1,42500,27,40990
916,Voltas,2024,1.5,5,Star Split Inverter,4.2,1372.85,111 - 150,1,56500,51,36970
917,IFB,2025,1.0,3,Star Split Inverter,4.0,1003.57,90,1,75990,46,25990
918,Voltas,2025,1.5,5,Star Split Inverter,4.2,774.11,111 - 150,1,48849,49,37850
919,CARRIER,2024,1.0,3,Star Split Inverter,4.2,767.34,90,1,75400,43,33250
920,Blue Star,2024,0.8,3,Star Split Inverter,4.2,751.28,90,1,58690,40,25490
921,Voltas,2024,1.0,5,Star Split Inverter,4.2,657.31,90,1,42500,48,32800
922,Voltas,2025,1.5,5,Star Split Inverter,4.2,893.02,111 - 150,1,63990,48,38650
923,CARRIER,2024,2.0,3,Star Split Inverter,4.2,999.69,151 - 200,1,75400,42,47850
924,Blue Star,2023,1.0,4,Star Split Inverter,4.2,544.39,90,1,82500,52,28490
925,Panasonic,2025,1.5,3,Star Split Inverter,4.2,511.13,111 - 150,1,59500,44,33850
926,IFB,2025,1.5,3,Star Split Inverter,4.2,893.02,111 - 150,1,60500,47,29990
927,Midea,2025,1.5,3,Star Split Inverter,4.3,1249.82,111 - 150,1,57146,51,27990
928,CARRIER,2024,1.5,5,Star Split Inverter,4.2,583.06,111 - 150,1,57400,49,39850
929,Daikin,2025,1.5,3,Star Split Inverter,4.2,1000.53,111 - 150,1,78990,38,35990
930,Voltas,2024,1.0,3,Star Split Inverter,4.1,946.17,90,1,58400,52,26999
931,Samsung,2025,1.5,5,Star Split Inverter,4.3,952.68,111 - 150,1,56390,48,40990
932,Lloyd,2025,1.5,3,Star Window Inverter,4.1,754.05,111 - 150,1,79190,10,47555
933,IFB,2023,1.0,2,Star Split Inverter,4.0,966.47,90,1,52999,16,32998
934,Haier,2025,1.5,3,Star Split Inverter,4.0,672.93,111 - 150,5,39390,57,33850
935,Haier,2023,1.6,5,Star Split Inverter,4.2,751.24,151 - 200,1,80500,44,41399
936,CARRIER,2025,1.0,5,Star Split Inverter,4.1,1222.32,90,1,74490,47,31990
937,Voltas,2024,1.5,5,Star Split Inverter,4.2,773.19,111 - 150,1,61300,51,36970
938,Voltas,2025,1.5,5,Star Window AC,4.3,925.24,111 - 150,1,75990,46,34690
939,Voltas,2025,1.5,5,Star Split Inverter,4.2,828.37,111 - 150,1,68900,40,36850
940,Blue Star,2024,0.8,3,Star Split Inverter,4.2,536.2,90,1,42500,46,25490
941,IFB,2025,1.0,3,Star Split Inverter,4.0,751.28,90,1,48849,45,25990
942,Voltas,2025,1.5,3,Star Split Inverter,4.2,1157.29,111 - 150,1,60190,39,32850
943,Panasonic,2024,1.5,3,Star Split Inverter,4.2,892.9,111 - 150,1,56500,34,34350
944,Voltas,2025,1.5,5,Star Window Inverter,4.3,544.39,111 - 150,1,51990,27,34150
945,Haier,2024,1.5,5,Star Split Inverter,4.1,657.31,111 - 150,1,50967,48,37150
946,Voltas,2024,1.0,5,Star Split Inverter,4.2,952.59,90,1,61300,47,32800
947,IFB,2025,1.5,3,Star Split Inverter,4.2,1110.59,111 - 150,1,63990,49,29990
948,Voltas,2024,1.5,3,Star Split Inverter,4.2,743.05,111 - 150,1,57146,40,32890
949,Haier,2024,1.5,5,Star Window Dual,4.2,511.13,111 - 150,1,64990,53,32880
950,Samsung,2025,1.5,3,Star Split Inverter,4.1,946.17,111 - 150,1,55300,51,33991
951,Midea,2025,1.5,3,Star Split Inverter,4.3,975.26,111 - 150,1,72790,39,27990
952,Hitachi,2023,1.0,5,Star Split Inverter,4.2,1102.64,90,1,57400,46,37580
953,Blue Star,2025,1.5,5,Star Split Inverter,4.2,852.47,111 - 150,1,62600,7,39850
954,Panasonic,2024,1.0,5,Star Split Inverter,4.2,952.68,90,5,74500,35,51178
955,Godrej,2024,1.0,3,Star Split Inverter,4.0,533.61,90,1,55400,52,26999
956,Voltas,2024,1.0,3,Star Split Inverter,4.1,774.88,90,1,41900,40,26999
957,Samsung,2025,1.5,3,Star Split Inverter,4.1,523.98,111 - 150,1,56390,50,37491
958,CARRIER,2025,1.5,5,Star Split Inverter,4.2,675.33,111 - 150,1,63490,29,39450
959,Blue Star,2025,1.0,3,Star Split AC,4.1,672.93,90,1,79890,51,32745
960,Voltas,2024,1.5,5,Star Split Inverter,4.2,1047.62,111 - 150,1,46250,51,36970
961,Blue Star,2024,0.8,3,Star Split Inverter,4.2,871.59,90,5,75990,40,25490
962,Blue Star,2024,1.0,3,Star Window AC,4.2,681.21,90,1,42500,16,27500
963,Haier,2024,1.6,5,Star Split Inverter,4.2,751.28,151 - 200,1,32911,42,43650
964,Blue Star,2024,1.5,3,Star Split Inverter,4.1,544.39,111 - 150,1,76500,44,33850
965,Voltas,2025,1.0,3,Star Split Inverter,4.1,1395.0,90,1,60500,42,35260
966,Voltas,2024,1.0,5,Star Split Inverter,4.2,1012.44,90,1,60990,48,32800
967,Samsung,2025,1.5,3,Star Split Inverter,4.1,672.93,111 - 150,1,63990,53,33991
968,Hitachi,2024,2.0,3,Star Split Inverter,4.0,511.13,151 - 200,1,72790,41,43430
969,Haier,2024,1.6,5,Star Split Inverter,4.2,852.47,151 - 200,1,74050,50,38780
970,Voltas,2024,1.0,3,Star Split Inverter,4.1,1277.22,90,5,79000,52,26999
971,CARRIER,2025,1.0,5,Star Split Inverter,4.1,836.95,90,1,56390,47,31990
972,CARRIER,2025,1.0,3,Star Split Inverter,4.2,672.93,90,1,61300,34,30105
973,Electrolux,2025,1.5,5,Star Split Inverter,3.8,536.2,111 - 150,1,45900,32,73990
974,Godrej,2025,1.1,3,Star Split Inverter,3.9,2550.0,91 - 110,1,43499,40,29500
975,Haier,2025,1.0,5,Star Split Inverter,4.1,758.6,90,1,60500,40,35800
976,Samsung,2025,1.5,3,Star Split Inverter,4.1,738.41,111 - 150,1,63490,46,37491
977,Haier,2025,1.0,3,Star Split Dual,4.1,541.48,90,1,54500,42,28990
978,Voltas,2025,2.0,3,Star Split Inverter,4.1,1047.62,151 - 200,5,74264,43,42350
979,Voltas,2025,2.0,3,Star Split Inverter,4.1,688.52,151 - 200,5,75000,38,42350
980,Voltas,2025,2.0,3,Star Split Inverter,4.3,1220.59,151 - 200,1,79990,51,48999
981,Midea,2025,1.5,3,Star Split Inverter,4.2,952.68,111 - 150,1,57400,36,27990
982,Hitachi,2025,1.0,5,Star Split Inverter,4.1,533.61,90,1,56500,42,35990
983,Voltas,2025,1.0,3,Star Split Inverter,4.2,672.93,90,1,58990,51,34000
